基準日,ファンド名,基準価額,累積分配金,純資産総額,受益権総口数,分配金再投資基準価額
2017/07/05,農林中金＜パートナーズ＞長期厳選投資　おおぶね,10000,0,999999,1000000,10000
2017/07/06,農林中金＜パートナーズ＞長期厳選投資　おおぶね,9982,0,998225,1000000,9982
2017/07/07,農林中金＜パートナーズ＞長期厳選投資　おおぶね,9935,0,993478,1000000,9935
2017/07/10,農林中金＜パートナーズ＞長期厳選投資　おおぶね,10068,0,1006775,1000000,10068
2017/07/11,農林中金＜パートナーズ＞長期厳選投資　おおぶね,10082,0,1008235,1000000,10082
2017/07/12,農林中金＜パートナーズ＞長期厳選投資　おおぶね,10029,0,1002876,1000000,10029
2017/07/13,農林中金＜パートナーズ＞長期厳選投資　おおぶね,10044,0,1004424,1000000,10044
2017/07/14,農林中金＜パートナーズ＞長期厳選投資　おおぶね,10052,0,1005185,1000000,10052
2017/07/18,農林中金＜パートナーズ＞長期厳選投資　おおぶね,10017,0,1095619,1093782,10017
2017/07/19,農林中金＜パートナーズ＞長期厳選投資　おおぶね,9991,0,1268569,1269683,9991
2017/07/20,農林中金＜パートナーズ＞長期厳選投資　おおぶね,9994,0,2686715,2688430,9994
2017/07/21,農林中金＜パートナーズ＞長期厳選投資　おおぶね,10005,0,6012309,6009205,10005
2017/07/24,農林中金＜パートナーズ＞長期厳選投資　おおぶね,9950,0,10393026,10445240,9950
2017/07/25,農林中金＜パートナーズ＞長期厳選投資　おおぶね,9953,0,11976229,12032418,9953
2017/07/26,農林中金＜パートナーズ＞長期厳選投資　おおぶね,9978,0,18205313,18246211,9978
2017/07/27,農林中金＜パートナーズ＞長期厳選投資　おおぶね,9881,0,29532441,29887690,9881
2017/07/28,農林中金＜パートナーズ＞長期厳選投資　おおぶね,9897,0,29102403,29406352,9897
2017/07/31,農林中金＜パートナーズ＞長期厳選投資　おおぶね,9816,0,29801678,30359497,9816
2017/08/01,農林中金＜パートナーズ＞長期厳選投資　おおぶね,9795,0,33070687,33762790,9795
2017/08/02,農林中金＜パートナーズ＞長期厳選投資　おおぶね,9839,0,33386906,33932030,9839
2017/08/03,農林中金＜パートナーズ＞長期厳選投資　おおぶね,9853,0,34481299,34995467,9853
2017/08/04,農林中金＜パートナーズ＞長期厳選投資　おおぶね,9772,0,39092709,40003615,9772
2017/08/07,農林中金＜パートナーズ＞長期厳選投資　おおぶね,9811,0,40072333,40844702,9811
2017/08/08,農林中金＜パートナーズ＞長期厳選投資　おおぶね,9800,0,41738768,42589920,9800
2017/08/09,農林中金＜パートナーズ＞長期厳選投資　おおぶね,9694,0,41799896,43119312,9694
2017/08/10,農林中金＜パートナーズ＞長期厳選投資　おおぶね,9710,0,42019806,43273110,9710
2017/08/14,農林中金＜パートナーズ＞長期厳選投資　おおぶね,9570,0,41768273,43643847,9570
2017/08/15,農林中金＜パートナーズ＞長期厳選投資　おおぶね,9720,0,42657308,43884181,9720
2017/08/16,農林中金＜パートナーズ＞長期厳選投資　おおぶね,9729,0,42993352,44191318,9729
2017/08/17,農林中金＜パートナーズ＞長期厳選投資　おおぶね,9730,0,43836577,45055160,9730
2017/08/18,農林中金＜パートナーズ＞長期厳選投資　おおぶね,9570,0,43119220,45056188,9570
2017/08/21,農林中金＜パートナーズ＞長期厳選投資　おおぶね,9504,0,42950346,45193102,9504
2017/08/22,農林中金＜パートナーズ＞長期厳選投資　おおぶね,9509,0,43294214,45530981,9509
2017/08/23,農林中金＜パートナーズ＞長期厳選投資　おおぶね,9645,0,43206014,44796785,9645
2017/08/24,農林中金＜パートナーズ＞長期厳選投資　おおぶね,9547,0,42767068,44797768,9547
2017/08/25,農林中金＜パートナーズ＞長期厳選投資　おおぶね,9561,0,43145334,45124929,9561
2017/08/28,農林中金＜パートナーズ＞長期厳選投資　おおぶね,9529,0,42431012,44527919,9529
2017/08/29,農林中金＜パートナーズ＞長期厳選投資　おおぶね,9510,0,42345926,44529640,9510
2017/08/30,農林中金＜パートナーズ＞長期厳選投資　おおぶね,9605,0,42455870,44199851,9605
2017/08/31,農林中金＜パートナーズ＞長期厳選投資　おおぶね,9658,0,42723885,44234691,9658
2017/09/01,農林中金＜パートナーズ＞長期厳選投資　おおぶね,9691,0,42929169,44300197,9691
2017/09/04,農林中金＜パートナーズ＞長期厳選投資　おおぶね,9671,0,42733983,44185965,9671
2017/09/05,農林中金＜パートナーズ＞長期厳選投資　おおぶね,9656,0,42184886,43686437,9656
2017/09/06,農林中金＜パートナーズ＞長期厳選投資　おおぶね,9513,0,41558037,43686437,9513
2017/09/07,農林中金＜パートナーズ＞長期厳選投資　おおぶね,9570,0,42977419,44907544,9570
2017/09/08,農林中金＜パートナーズ＞長期厳選投資　おおぶね,9510,0,43108545,45331197,9510
2017/09/11,農林中金＜パートナーズ＞長期厳選投資　おおぶね,9543,0,44608598,46744879,9543
2017/09/12,農林中金＜パートナーズ＞長期厳選投資　おおぶね,9713,0,51276824,52791517,9713
2017/09/13,農林中金＜パートナーズ＞長期厳選投資　おおぶね,9793,0,51747331,52840608,9793
2017/09/14,農林中金＜パートナーズ＞長期厳選投資　おおぶね,9795,0,51816689,52898700,9795
2017/09/15,農林中金＜パートナーズ＞長期厳選投資　おおぶね,9781,0,51809165,52967939,9781
2017/09/19,農林中金＜パートナーズ＞長期厳選投資　おおぶね,9914,0,54440851,54914625,9914
2017/09/20,農林中金＜パートナーズ＞長期厳選投資　おおぶね,9952,0,57032304,57308076,9952
2017/09/21,農林中金＜パートナーズ＞長期厳選投資　おおぶね,10026,0,57373915,57226332,10026
2017/09/22,農林中金＜パートナーズ＞長期厳選投資　おおぶね,9962,0,57007821,57226332,9962
2017/09/25,農林中金＜パートナーズ＞長期厳選投資　おおぶね,9965,0,57218984,57417745,9965
2017/09/26,農林中金＜パートナーズ＞長期厳選投資　おおぶね,9887,0,56778321,57429545,9887
2017/09/27,農林中金＜パートナーズ＞長期厳選投資　おおぶね,9971,0,57381148,57548320,9971
2017/09/28,農林中金＜パートナーズ＞長期厳選投資　おおぶね,10024,0,57685817,57548320,10024
2017/09/29,農林中金＜パートナーズ＞長期厳選投資　おおぶね,10037,0,58968641,58752917,10037
2017/10/02,農林中金＜パートナーズ＞長期厳選投資　おおぶね,10086,0,59279491,58771169,10086
2017/10/03,農林中金＜パートナーズ＞長期厳選投資　おおぶね,10152,0,59632432,58741558,10152
2017/10/04,農林中金＜パートナーズ＞長期厳選投資　おおぶね,10130,0,59517833,58751408,10130
2017/10/05,農林中金＜パートナーズ＞長期厳選投資　おおぶね,10190,0,60014109,58892956,10190
2017/10/06,農林中金＜パートナーズ＞長期厳選投資　おおぶね,10237,0,60316427,58918965,10237
2017/10/10,農林中金＜パートナーズ＞長期厳選投資　おおぶね,10203,0,60208604,59010925,10203
2017/10/11,農林中金＜パートナーズ＞長期厳選投資　おおぶね,10185,0,60154395,59060227,10185
2017/10/12,農林中金＜パートナーズ＞長期厳選投資　おおぶね,10223,0,62835825,61463293,10223
2017/10/13,農林中金＜パートナーズ＞長期厳選投資　おおぶね,10232,0,63717427,62274231,10232
2017/10/16,農林中金＜パートナーズ＞長期厳選投資　おおぶね,10255,0,64932335,63315633,10255
2017/10/17,農林中金＜パートナーズ＞長期厳選投資　おおぶね,10290,0,65187264,63350586,10290
2017/10/18,農林中金＜パートナーズ＞長期厳選投資　おおぶね,10278,0,67820731,65984187,10278
2017/10/19,農林中金＜パートナーズ＞長期厳選投資　おおぶね,10356,0,69072238,66700158,10356
2017/10/20,農林中金＜パートナーズ＞長期厳選投資　おおぶね,10334,0,70921637,68626345,10334
2017/10/23,農林中金＜パートナーズ＞長期厳選投資　おおぶね,10490,0,72367960,68990184,10490
2017/10/24,農林中金＜パートナーズ＞長期厳選投資　おおぶね,10432,0,71970139,68991001,10432
2017/10/25,農林中金＜パートナーズ＞長期厳選投資　おおぶね,10520,0,71692207,68145922,10520
2017/10/26,農林中金＜パートナーズ＞長期厳選投資　おおぶね,10476,0,70277423,67086214,10476
2017/10/27,農林中金＜パートナーズ＞長期厳選投資　おおぶね,10533,0,71829720,68195389,10533
2017/10/30,農林中金＜パートナーズ＞長期厳選投資　おおぶね,10496,0,72134701,68723475,10496
2017/10/31,農林中金＜パートナーズ＞長期厳選投資　おおぶね,10375,0,75107343,72392609,10375
2017/11/01,農林中金＜パートナーズ＞長期厳選投資　おおぶね,10461,0,75711514,72375135,10461
2017/11/02,農林中金＜パートナーズ＞長期厳選投資　おおぶね,10536,0,76286093,72401871,10536
2017/11/06,農林中金＜パートナーズ＞長期厳選投資　おおぶね,10602,0,78250130,73810117,10602
2017/11/07,農林中金＜パートナーズ＞長期厳選投資　おおぶね,10521,0,78285022,74407407,10521
2017/11/08,農林中金＜パートナーズ＞長期厳選投資　おおぶね,10543,0,78003080,73982181,10543
2017/11/09,農林中金＜パートナーズ＞長期厳選投資　おおぶね,10595,0,81559888,76982716,10595
2017/11/10,農林中金＜パートナーズ＞長期厳選投資　おおぶね,10489,0,80876224,77106343,10489
2017/11/13,農林中金＜パートナーズ＞長期厳選投資　おおぶね,10534,0,82783825,78585556,10534
2017/11/14,農林中金＜パートナーズ＞長期厳選投資　おおぶね,10564,0,86933739,82295905,10564
2017/11/15,農林中金＜パートナーズ＞長期厳選投資　おおぶね,10575,0,84708421,80099163,10575
2017/11/16,農林中金＜パートナーズ＞長期厳選投資　おおぶね,10437,0,83685809,80182949,10437
2017/11/17,農林中金＜パートナーズ＞長期厳選投資　おおぶね,10519,0,87217575,82911896,10519
2017/11/20,農林中金＜パートナーズ＞長期厳選投資　おおぶね,10441,0,86490189,82837839,10441
2017/11/21,農林中金＜パートナーズ＞長期厳選投資　おおぶね,10518,0,87213398,82917367,10518
2017/11/22,農林中金＜パートナーズ＞長期厳選投資　おおぶね,10557,0,81825067,77507908,10557
2017/11/24,農林中金＜パートナーズ＞長期厳選投資　おおぶね,10454,0,81540674,78001599,10454
2017/11/27,農林中金＜パートナーズ＞長期厳選投資　おおぶね,10503,0,84184416,80156019,10503
2017/11/28,農林中金＜パートナーズ＞長期厳選投資　おおぶね,10461,0,79097245,75609138,10461
2017/11/29,農林中金＜パートナーズ＞長期厳選投資　おおぶね,10619,0,80304919,75626855,10619
2017/11/30,農林中金＜パートナーズ＞長期厳選投資　おおぶね,10649,0,82034660,77036769,10649
2017/12/01,農林中金＜パートナーズ＞長期厳選投資　おおぶね,10799,0,85998104,79635128,10799
2017/12/04,農林中金＜パートナーズ＞長期厳選投資　おおぶね,10784,0,86094515,79833445,10784
2017/12/05,農林中金＜パートナーズ＞長期厳選投資　おおぶね,10776,0,86030356,79833909,10776
2017/12/06,農林中金＜パートナーズ＞長期厳選投資　おおぶね,10750,0,88464259,82293922,10750
2017/12/07,農林中金＜パートナーズ＞長期厳選投資　おおぶね,10736,0,88148537,82108948,10736
2017/12/08,農林中金＜パートナーズ＞長期厳選投資　おおぶね,10840,0,90382959,83381449,10840
2017/12/11,農林中金＜パートナーズ＞長期厳選投資　おおぶね,10900,0,90883569,83381449,10900
2017/12/12,農林中金＜パートナーズ＞長期厳選投資　おおぶね,10892,0,91013441,83556076,10892
2017/12/13,農林中金＜パートナーズ＞長期厳選投資　おおぶね,10883,0,93360699,85781875,10883
2017/12/14,農林中金＜パートナーズ＞長期厳選投資　おおぶね,10864,0,93906578,86437802,10864
2017/12/15,農林中金＜パートナーズ＞長期厳選投資　おおぶね,10835,0,96502742,89065273,10835
2017/12/18,農林中金＜パートナーズ＞長期厳選投資　おおぶね,10972,0,100248655,91369688,10972
2017/12/19,農林中金＜パートナーズ＞長期厳選投資　おおぶね,10995,0,100710370,91597197,10995
2017/12/20,農林中金＜パートナーズ＞長期厳選投資　おおぶね,11030,0,101171161,91722115,11030
2017/12/21,農林中金＜パートナーズ＞長期厳選投資　おおぶね,11013,0,103248662,93748520,11013
2017/12/22,農林中金＜パートナーズ＞長期厳選投資　おおぶね,11024,0,110523836,100254083,11024
2017/12/25,農林中金＜パートナーズ＞長期厳選投資　おおぶね,11006,0,112603013,102309545,11006
2017/12/26,農林中金＜パートナーズ＞長期厳選投資　おおぶね,11020,0,112828931,102388236,11020
2017/12/27,農林中金＜パートナーズ＞長期厳選投資　おおぶね,11040,0,113039396,102388236,11040
2017/12/28,農林中金＜パートナーズ＞長期厳選投資　おおぶね,11058,0,117761515,106492247,11058
2017/12/29,農林中金＜パートナーズ＞長期厳選投資　おおぶね,11023,0,118780396,107755218,11023
2018/01/04,農林中金＜パートナーズ＞長期厳選投資　おおぶね,11101,0,119674339,107801950,11101
2018/01/05,農林中金＜パートナーズ＞長期厳選投資　おおぶね,11148,0,120298574,107911641,11148
2018/01/09,農林中金＜パートナーズ＞長期厳選投資　おおぶね,11273,0,121878111,108111620,11273
2018/01/10,農林中金＜パートナーズ＞長期厳選投資　おおぶね,11244,0,123378221,109732349,11244
2018/01/11,農林中金＜パートナーズ＞長期厳選投資　おおぶね,11078,0,125436520,113225977,11078
2018/01/12,農林中金＜パートナーズ＞長期厳選投資　おおぶね,11114,0,126465438,113785325,11114
2018/01/15,農林中金＜パートナーズ＞長期厳選投資　おおぶね,11150,0,135807185,121800223,11150
2018/01/16,農林中金＜パートナーズ＞長期厳選投資　おおぶね,11144,0,136244013,122261888,11144
2018/01/17,農林中金＜パートナーズ＞長期厳選投資　おおぶね,11039,0,134966697,122261888,11039
2018/01/18,農林中金＜パートナーズ＞長期厳選投資　おおぶね,11260,0,138701607,123178361,11260
2018/01/19,農林中金＜パートナーズ＞長期厳選投資　おおぶね,11215,0,141890655,126520635,11215
2018/01/22,農林中金＜パートナーズ＞長期厳選投資　おおぶね,11248,0,144356253,128342210,11248
2018/01/23,農林中金＜パートナーズ＞長期厳選投資　おおぶね,11297,0,147230370,130328130,11297
2018/01/24,農林中金＜パートナーズ＞長期厳選投資　おおぶね,11209,0,146711318,130892607,11209
2018/01/25,農林中金＜パートナーズ＞長期厳選投資　おおぶね,11135,0,145946453,131070793,11135
2018/01/26,農林中金＜パートナーズ＞長期厳選投資　おおぶね,11239,0,147946592,131633853,11239
2018/01/29,農林中金＜パートナーズ＞長期厳選投資　おおぶね,11193,0,147336738,131638481,11193
2018/01/30,農林中金＜パートナーズ＞長期厳選投資　おおぶね,11147,0,148398148,133125559,11147
2018/01/31,農林中金＜パートナーズ＞長期厳選投資　おおぶね,11072,0,146508068,132317588,11072
2018/02/01,農林中金＜パートナーズ＞長期厳選投資　おおぶね,11101,0,148414316,133697500,11101
2018/02/02,農林中金＜パートナーズ＞長期厳選投資　おおぶね,11090,0,148838388,134208324,11090
2018/02/05,農林中金＜パートナーズ＞長期厳選投資　おおぶね,10919,0,147653243,135229551,10919
2018/02/06,農林中金＜パートナーズ＞長期厳選投資　おおぶね,10443,0,141269195,135271293,10443
2018/02/07,農林中金＜パートナーズ＞長期厳選投資　おおぶね,10606,0,130577370,123113628,10606
2018/02/08,農林中金＜パートナーズ＞長期厳選投資　おおぶね,10568,0,128837098,121914568,10568
2018/02/09,農林中金＜パートナーズ＞長期厳選投資　おおぶね,10165,0,120398841,118447293,10165
2018/02/13,農林中金＜パートナーズ＞長期厳選投資　おおぶね,10417,0,123299590,118362786,10417
2018/02/14,農林中金＜パートナーズ＞長期厳選投資　おおぶね,10334,0,124714243,120682945,10334
2018/02/15,農林中金＜パートナーズ＞長期厳選投資　おおぶね,10335,0,126441097,122346981,10335
2018/02/16,農林中金＜パートナーズ＞長期厳選投資　おおぶね,10386,0,127183819,122454926,10386
2018/02/19,農林中金＜パートナーズ＞長期厳選投資　おおぶね,10412,0,130745836,125570655,10412
2018/02/20,農林中金＜パートナーズ＞長期厳選投資　おおぶね,10459,0,131606639,125827826,10459
2018/02/21,農林中金＜パートナーズ＞長期厳選投資　おおぶね,10431,0,131256040,125827826,10431
2018/02/22,農林中金＜パートナーズ＞長期厳選投資　おおぶね,10392,0,130993701,126057999,10392
2018/02/23,農林中金＜パートナーズ＞長期厳選投資　おおぶね,10395,0,132269783,127246917,10395
2018/02/26,農林中金＜パートナーズ＞長期厳選投資　おおぶね,10511,0,135354074,128777255,10511
2018/02/27,農林中金＜パートナーズ＞長期厳選投資　おおぶね,10649,0,137205792,128846400,10649
2018/02/28,農林中金＜パートナーズ＞長期厳選投資　おおぶね,10564,0,136352167,129073583,10564
2018/03/01,農林中金＜パートナーズ＞長期厳選投資　おおぶね,10408,0,134508352,129240629,10408
2018/03/02,農林中金＜パートナーズ＞長期厳選投資　おおぶね,10222,0,134321819,131402508,10222
2018/03/05,農林中金＜パートナーズ＞長期厳選投資　おおぶね,10173,0,134483485,132194057,10173
2018/03/06,農林中金＜パートナーズ＞長期厳選投資　おおぶね,10313,0,137823199,133642544,10313
2018/03/07,農林中金＜パートナーズ＞長期厳選投資　おおぶね,10299,0,137084050,133108468,10299
2018/03/08,農林中金＜パートナーズ＞長期厳選投資　おおぶね,10349,0,137749710,133108374,10349
2018/03/09,農林中金＜パートナーズ＞長期厳選投資　おおぶね,10484,0,139754375,133298047,10484
2018/03/12,農林中金＜パートナーズ＞長期厳選投資　おおぶね,10651,0,142461696,133755348,10651
2018/03/13,農林中金＜パートナーズ＞長期厳選投資　おおぶね,10564,0,141519662,133958107,10564
2018/03/14,農林中金＜パートナーズ＞長期厳選投資　おおぶね,10552,0,142753043,135284382,10552
2018/03/15,農林中金＜パートナーズ＞長期厳選投資　おおぶね,10424,0,141118878,135381432,10424
2018/03/16,農林中金＜パートナーズ＞長期厳選投資　おおぶね,10443,0,142387139,136341546,10443
2018/03/19,農林中金＜パートナーズ＞長期厳選投資　おおぶね,10406,0,145656409,139970160,10406
2018/03/20,農林中金＜パートナーズ＞長期厳選投資　おおぶね,10332,0,147221454,142484373,10332
2018/03/22,農林中金＜パートナーズ＞長期厳選投資　おおぶね,10262,0,145328825,141614251,10262
2018/03/23,農林中金＜パートナーズ＞長期厳選投資　おおぶね,9972,0,141437446,141836401,9972
2018/03/26,農林中金＜パートナーズ＞長期厳選投資　おおぶね,9822,0,141728167,144294966,9822
2018/03/27,農林中金＜パートナーズ＞長期厳選投資　おおぶね,10083,0,146822423,145619839,10083
2018/03/28,農林中金＜パートナーズ＞長期厳選投資　おおぶね,9967,0,145132510,145611561,9967
2018/03/29,農林中金＜パートナーズ＞長期厳選投資　おおぶね,10085,0,147245811,146001944,10085
2018/03/30,農林中金＜パートナーズ＞長期厳選投資　おおぶね,10171,0,152446790,149890611,10171
2018/04/02,農林中金＜パートナーズ＞長期厳選投資　おおぶね,10175,0,154221339,151570133,10175
2018/04/03,農林中金＜パートナーズ＞長期厳選投資　おおぶね,9915,0,150276835,151570133,9915
2018/04/04,農林中金＜パートナーズ＞長期厳選投資　おおぶね,10113,0,158642534,156872267,10113
2018/04/05,農林中金＜パートナーズ＞長期厳選投資　おおぶね,10249,0,161096716,157175486,10249
2018/04/06,農林中金＜パートナーズ＞長期厳選投資　おおぶね,10339,0,162699615,157370383,10339
2018/04/09,農林中金＜パートナーズ＞長期厳選投資　おおぶね,10097,0,159393890,157863848,10097
2018/04/10,農林中金＜パートナーズ＞長期厳選投資　おおぶね,10125,0,161561301,159563839,10125
2018/04/11,農林中金＜パートナーズ＞長期厳選投資　おおぶね,10270,0,162575312,158302404,10270
2018/04/12,農林中金＜パートナーズ＞長期厳選投資　おおぶね,10212,0,162616190,159237858,10212
2018/04/13,農林中金＜パートナーズ＞長期厳選投資　おおぶね,10302,0,164288859,159475139,10302
2018/04/16,農林中金＜パートナーズ＞長期厳選投資　おおぶね,10306,0,168968011,163947371,10306
2018/04/17,農林中金＜パートナーズ＞長期厳選投資　おおぶね,10383,0,167849046,161660313,10383
2018/04/18,農林中金＜パートナーズ＞長期厳選投資　おおぶね,10496,0,171038144,162961130,10496
2018/04/19,農林中金＜パートナーズ＞長期厳選投資　おおぶね,10532,0,175647832,166781962,10532
2018/04/20,農林中金＜パートナーズ＞長期厳選投資　おおぶね,10429,0,173757908,166616641,10429
2018/04/23,農林中金＜パートナーズ＞長期厳選投資　おおぶね,10370,0,173365987,167177993,10370
2018/04/24,農林中金＜パートナーズ＞長期厳選投資　おおぶね,10435,0,176194014,168854369,10435
2018/04/25,農林中金＜パートナーズ＞長期厳選投資　おおぶね,10281,0,174662850,169894336,10281
2018/04/26,農林中金＜パートナーズ＞長期厳選投資　おおぶね,10360,0,176277360,170149463,10360
2018/04/27,農林中金＜パートナーズ＞長期厳選投資　おおぶね,10385,0,180065341,173394148,10385
2018/05/01,農林中金＜パートナーズ＞長期厳選投資　おおぶね,10319,0,181271177,175665978,10319
2018/05/02,農林中金＜パートナーズ＞長期厳選投資　おおぶね,10402,0,183428928,176340213,10402
2018/05/07,農林中金＜パートナーズ＞長期厳選投資　おおぶね,10318,0,182996657,177359436,10318
2018/05/08,農林中金＜パートナーズ＞長期厳選投資　おおぶね,10318,0,183146038,177494151,10318
2018/05/09,農林中金＜パートナーズ＞長期厳選投資　おおぶね,10341,0,185088116,178992611,10341
2018/05/10,農林中金＜パートナーズ＞長期厳選投資　おおぶね,10468,0,187776114,179375236,10468
2018/05/11,農林中金＜パートナーズ＞長期厳選投資　おおぶね,10490,0,188846939,180020042,10490
2018/05/14,農林中金＜パートナーズ＞長期厳選投資　おおぶね,10494,0,189104605,180206637,10494
2018/05/15,農林中金＜パートナーズ＞長期厳選投資　おおぶね,10528,0,190704752,181140641,10528
2018/05/16,農林中金＜パートナーズ＞長期厳選投資　おおぶね,10506,0,192962182,183665707,10506
2018/05/17,農林中金＜パートナーズ＞長期厳選投資　おおぶね,10556,0,195028796,184758937,10556
2018/05/18,農林中金＜パートナーズ＞長期厳選投資　おおぶね,10609,0,196502062,185224638,10609
2018/05/21,農林中金＜パートナーズ＞長期厳選投資　おおぶね,10644,0,198536497,186520470,10644
2018/05/22,農林中金＜パートナーズ＞長期厳選投資　おおぶね,10716,0,204626502,190960860,10716
2018/05/23,農林中金＜パートナーズ＞長期厳選投資　おおぶね,10628,0,204529752,192441776,10628
2018/05/24,農林中金＜パートナーズ＞長期厳選投資　おおぶね,10616,0,204569555,192703260,10616
2018/05/25,農林中金＜パートナーズ＞長期厳選投資　おおぶね,10603,0,204370993,192740506,10603
2018/05/28,農林中金＜パートナーズ＞長期厳選投資　おおぶね,10613,0,205729193,193847824,10613
2018/05/29,農林中金＜パートナーズ＞長期厳選投資　おおぶね,10587,0,206291861,194857886,10587
2018/05/30,農林中金＜パートナーズ＞長期厳選投資　おおぶね,10403,0,202709357,194857886,10403
2018/05/31,農林中金＜パートナーズ＞長期厳選投資　おおぶね,10533,0,209383851,198792634,10533
2018/06/01,農林中金＜パートナーズ＞長期厳選投資　おおぶね,10442,0,211507490,202554861,10442
2018/06/04,農林中金＜パートナーズ＞長期厳選投資　おおぶね,10603,0,220762643,208217311,10603
2018/06/05,農林中金＜パートナーズ＞長期厳選投資　おおぶね,10693,0,227259240,212534229,10693
2018/06/06,農林中金＜パートナーズ＞長期厳選投資　おおぶね,10705,0,228550995,213507888,10705
2018/06/07,農林中金＜パートナーズ＞長期厳選投資　おおぶね,10848,0,234059725,215760866,10848
2018/06/08,農林中金＜パートナーズ＞長期厳選投資　おおぶね,10831,0,235816299,217731444,10831
2018/06/11,農林中金＜パートナーズ＞長期厳選投資　おおぶね,10847,0,237664492,219106997,10847
2018/06/12,農林中金＜パートナーズ＞長期厳選投資　おおぶね,10957,0,236257017,215622615,10957
2018/06/13,農林中金＜パートナーズ＞長期厳選投資　おおぶね,11000,0,238047376,216397501,11000
2018/06/14,農林中金＜パートナーズ＞長期厳選投資　おおぶね,10933,0,242810262,222087389,10933
2018/06/15,農林中金＜パートナーズ＞長期厳選投資　おおぶね,11022,0,245596453,222825099,11022
2018/06/18,農林中金＜パートナーズ＞長期厳選投資　おおぶね,11057,0,252388378,228262313,11057
2018/06/19,農林中金＜パートナーズ＞長期厳選投資　おおぶね,10953,0,250872688,229048556,10953
2018/06/20,農林中金＜パートナーズ＞長期厳選投資　おおぶね,10818,50,248226300,229447979,10868
2018/06/21,農林中金＜パートナーズ＞長期厳選投資　おおぶね,10842,50,252134595,232556095,10892
2018/06/22,農林中金＜パートナーズ＞長期厳選投資　おおぶね,10736,50,254945531,237471745,10786
2018/06/25,農林中金＜パートナーズ＞長期厳選投資　おおぶね,10751,50,258148029,240110971,10801
2018/06/26,農林中金＜パートナーズ＞長期厳選投資　おおぶね,10670,50,256503116,240398855,10719
2018/06/27,農林中金＜パートナーズ＞長期厳選投資　おおぶね,10728,50,258538817,240987480,10778
2018/06/28,農林中金＜パートナーズ＞長期厳選投資　おおぶね,10671,50,257879864,241670123,10720
2018/06/29,農林中金＜パートナーズ＞長期厳選投資　おおぶね,10827,50,262428110,242376045,10877
2018/07/02,農林中金＜パートナーズ＞長期厳選投資　おおぶね,10920,50,266330355,243884128,10970
2018/07/03,農林中金＜パートナーズ＞長期厳選投資　おおぶね,10904,50,272412533,249831726,10954
2018/07/04,農林中金＜パートナーズ＞長期厳選投資　おおぶね,10829,50,271679612,250875323,10879
2018/07/05,農林中金＜パートナーズ＞長期厳選投資　おおぶね,10835,50,274012390,252896730,10885
2018/07/06,農林中金＜パートナーズ＞長期厳選投資　おおぶね,10978,50,277630647,252896730,11029
2018/07/09,農林中金＜パートナーズ＞長期厳選投資　おおぶね,11001,50,277093183,251879051,11052
2018/07/10,農林中金＜パートナーズ＞長期厳選投資　おおぶね,11113,50,283139808,254773818,11164
2018/07/11,農林中金＜パートナーズ＞長期厳選投資　おおぶね,11141,50,287805012,258324244,11192
2018/07/12,農林中金＜パートナーズ＞長期厳選投資　おおぶね,11196,50,299773555,267742798,11248
2018/07/13,農林中金＜パートナーズ＞長期厳選投資　おおぶね,11332,50,305860005,269897911,11384
2018/07/17,農林中金＜パートナーズ＞長期厳選投資　おおぶね,11284,50,306024709,271209257,11336
2018/07/18,農林中金＜パートナーズ＞長期厳選投資　おおぶね,11420,50,318455025,278860559,11473
2018/07/19,農林中金＜パートナーズ＞長期厳選投資　おおぶね,11368,50,319620319,281168780,11421
2018/07/20,農林中金＜パートナーズ＞長期厳選投資　おおぶね,11387,50,321420582,282274963,11440
2018/07/23,農林中金＜パートナーズ＞長期厳選投資　おおぶね,11229,50,319726368,284732360,11281
2018/07/24,農林中金＜パートナーズ＞長期厳選投資　おおぶね,11176,50,320061086,286386941,11228
2018/07/25,農林中金＜パートナーズ＞長期厳選投資　おおぶね,11226,50,323878594,288510466,11278
2018/07/26,農林中金＜パートナーズ＞長期厳選投資　おおぶね,11296,50,328041245,290416266,11348
2018/07/27,農林中金＜パートナーズ＞長期厳選投資　おおぶね,11465,50,334736784,291961752,11518
2018/07/30,農林中金＜パートナーズ＞長期厳選投資　おおぶね,11355,50,333274968,293506416,11407
2018/07/31,農林中金＜パートナーズ＞長期厳選投資　おおぶね,11245,50,333298653,296410058,11297
2018/08/01,農林中金＜パートナーズ＞長期厳選投資　おおぶね,11470,50,341436037,297687930,11523
2018/08/02,農林中金＜パートナーズ＞長期厳選投資　おおぶね,11416,50,340288300,298068994,11469
2018/08/03,農林中金＜パートナーズ＞長期厳選投資　おおぶね,11510,50,346040311,300644738,11563
2018/08/06,農林中金＜パートナーズ＞長期厳選投資　おおぶね,11513,50,349450580,303519324,11566
2018/08/07,農林中金＜パートナーズ＞長期厳選投資　おおぶね,11564,50,352426046,304757068,11617
2018/08/08,農林中金＜パートナーズ＞長期厳選投資　おおぶね,11600,50,355358514,306351996,11654
2018/08/09,農林中金＜パートナーズ＞長期厳選投資　おおぶね,11518,50,354842944,308068094,11571
2018/08/10,農林中金＜パートナーズ＞長期厳選投資　おおぶね,11472,50,357162726,311334902,11525
2018/08/13,農林中金＜パートナーズ＞長期厳選投資　おおぶね,11349,50,357106924,314653148,11401
2018/08/14,農林中金＜パートナーズ＞長期厳選投資　おおぶね,11321,50,361727322,319524111,11373
2018/08/15,農林中金＜パートナーズ＞長期厳選投資　おおぶね,11430,50,374665939,327780030,11483
2018/08/16,農林中金＜パートナーズ＞長期厳選投資　おおぶね,11336,50,380253735,335453116,11388
2018/08/17,農林中金＜パートナーズ＞長期厳選投資　おおぶね,11445,50,385625817,336931178,11498
2018/08/20,農林中金＜パートナーズ＞長期厳選投資　おおぶね,11459,50,386127433,336969711,11512
2018/08/21,農林中金＜パートナーズ＞長期厳選投資　おおぶね,11435,50,393430004,344042832,11488
2018/08/22,農林中金＜パートナーズ＞長期厳選投資　おおぶね,11462,50,397183851,346507381,11515
2018/08/23,農林中金＜パートナーズ＞長期厳選投資　おおぶね,11457,50,399692520,348861112,11510
2018/08/24,農林中金＜パートナーズ＞長期厳選投資　おおぶね,11528,50,405380579,351636778,11581
2018/08/27,農林中金＜パートナーズ＞長期厳選投資　おおぶね,11565,50,408809580,353489346,11618
2018/08/28,農林中金＜パートナーズ＞長期厳選投資　おおぶね,11629,50,428948917,368871034,11683
2018/08/29,農林中金＜パートナーズ＞長期厳選投資　おおぶね,11629,50,434341452,373490619,11683
2018/08/30,農林中金＜パートナーズ＞長期厳選投資　おおぶね,11713,50,445759090,380552793,11767
2018/08/31,農林中金＜パートナーズ＞長期厳選投資　おおぶね,11589,50,450739140,388926775,11643
2018/09/03,農林中金＜パートナーズ＞長期厳選投資　おおぶね,11609,50,453554804,390696615,11663
2018/09/04,農林中金＜パートナーズ＞長期厳選投資　おおぶね,11617,50,461115336,396927790,11671
2018/09/05,農林中金＜パートナーズ＞長期厳選投資　おおぶね,11636,50,461848579,396927790,11690
2018/09/06,農林中金＜パートナーズ＞長期厳選投資　おおぶね,11624,50,479304776,412333503,11678
2018/09/07,農林中金＜パートナーズ＞長期厳選投資　おおぶね,11608,50,497419374,428526756,11662
2018/09/10,農林中金＜パートナーズ＞長期厳選投資　おおぶね,11629,50,506708549,435730134,11683
2018/09/11,農林中金＜パートナーズ＞長期厳選投資　おおぶね,11744,50,519796143,442607311,11798
2018/09/12,農林中金＜パートナーズ＞長期厳選投資　おおぶね,11746,50,532422251,453271440,11800
2018/09/13,農林中金＜パートナーズ＞長期厳選投資　おおぶね,11787,50,541885460,459734885,11841
2018/09/14,農林中金＜パートナーズ＞長期厳選投資　おおぶね,11959,50,564618326,472137935,12014
2018/09/18,農林中金＜パートナーズ＞長期厳選投資　おおぶね,11903,50,574560715,482705981,11958
2018/09/19,農林中金＜パートナーズ＞長期厳選投資　おおぶね,12009,50,584575688,486770056,12065
2018/09/20,農林中金＜パートナーズ＞長期厳選投資　おおぶね,12006,50,586349392,488398893,12061
2018/09/21,農林中金＜パートナーズ＞長期厳選投資　おおぶね,12150,50,605883969,498678747,12206
2018/09/25,農林中金＜パートナーズ＞長期厳選投資　おおぶね,12097,50,614731514,508182262,12153
2018/09/26,農林中金＜パートナーズ＞長期厳選投資　おおぶね,12060,50,617814367,512293400,12116
2018/09/27,農林中金＜パートナーズ＞長期厳選投資　おおぶね,12039,50,628526008,522074188,12095
2018/09/28,農林中金＜パートナーズ＞長期厳選投資　おおぶね,12098,50,645931607,533899074,12154
2018/10/01,農林中金＜パートナーズ＞長期厳選投資　おおぶね,12180,50,655159059,537890748,12236
2018/10/02,農林中金＜パートナーズ＞長期厳選投資　おおぶね,12217,50,667892188,546711991,12273
2018/10/03,農林中金＜パートナーズ＞長期厳選投資　おおぶね,12209,50,686870933,562615243,12265
2018/10/04,農林中金＜パートナーズ＞長期厳選投資　おおぶね,12215,50,703474424,575907405,12271
2018/10/05,農林中金＜パートナーズ＞長期厳選投資　おおぶね,12065,50,701237394,581201856,12121
2018/10/09,農林中金＜パートナーズ＞長期厳選投資　おおぶね,11919,50,705063577,591549842,11974
2018/10/10,農林中金＜パートナーズ＞長期厳選投資　おおぶね,11864,50,714044670,601854908,11919
2018/10/11,農林中金＜パートナーズ＞長期厳選投資　おおぶね,11398,50,689881998,605239317,11451
2018/10/12,農林中金＜パートナーズ＞長期厳選投資　おおぶね,11189,50,690052849,616700464,11241
2018/10/15,農林中金＜パートナーズ＞長期厳選投資　おおぶね,11306,50,700103311,619246682,11358
2018/10/16,農林中金＜パートナーズ＞長期厳選投資　おおぶね,11283,50,701210872,621490277,11335
2018/10/17,農林中金＜パートナーズ＞長期厳選投資　おおぶね,11559,50,752393134,650928119,11612
2018/10/18,農林中金＜パートナーズ＞長期厳選投資　おおぶね,11584,50,776149503,670004829,11638
2018/10/19,農林中金＜パートナーズ＞長期厳選投資　おおぶね,11416,50,773522032,677559404,11469
2018/10/22,農林中金＜パートナーズ＞長期厳選投資　おおぶね,11467,50,782906561,682749950,11520
2018/10/23,農林中金＜パートナーズ＞長期厳選投資　おおぶね,11475,50,787224546,686051699,11528
2018/10/24,農林中金＜パートナーズ＞長期厳選投資　おおぶね,11323,50,782029192,690663444,11375
2018/10/25,農林中金＜パートナーズ＞長期厳選投資　おおぶね,11043,50,770083359,697368556,11094
2018/10/26,農林中金＜パートナーズ＞長期厳選投資　おおぶね,11159,50,779203034,698301125,11211
2018/10/29,農林中金＜パートナーズ＞長期厳選投資　おおぶね,10983,50,768585576,699767700,11034
2018/10/30,農林中金＜パートナーズ＞長期厳選投資　おおぶね,11018,50,775511921,703869334,11069
2018/10/31,農林中金＜パートナーズ＞長期厳選投資　おおぶね,11293,50,792594498,701875558,11345
2018/11/01,農林中金＜パートナーズ＞長期厳選投資　おおぶね,11308,50,799601292,707088471,11360
2018/11/02,農林中金＜パートナーズ＞長期厳選投資　おおぶね,11506,50,817617460,710610830,11559
2018/11/05,農林中金＜パートナーズ＞長期厳選投資　おおぶね,11546,50,823059673,712846998,11599
2018/11/06,農林中金＜パートナーズ＞長期厳選投資　おおぶね,11598,50,832037439,717380685,11652
2018/11/07,農林中金＜パートナーズ＞長期厳選投資　おおぶね,11668,50,840987452,720749131,11722
2018/11/08,農林中金＜パートナーズ＞長期厳選投資　おおぶね,11838,50,874534098,738766715,11893
2018/11/09,農林中金＜パートナーズ＞長期厳選投資　おおぶね,11898,50,882980438,742119301,11953
2018/11/12,農林中金＜パートナーズ＞長期厳選投資　おおぶね,11872,50,886308399,746549966,11927
2018/11/13,農林中金＜パートナーズ＞長期厳選投資　おおぶね,11664,50,877798798,752587303,11718
2018/11/14,農林中金＜パートナーズ＞長期厳選投資　おおぶね,11687,50,879541500,752587303,11741
2018/11/15,農林中金＜パートナーズ＞長期厳選投資　おおぶね,11635,50,877738628,754406417,11689
2018/11/16,農林中金＜パートナーズ＞長期厳選投資　おおぶね,11758,50,905540351,770121904,11812
2018/11/19,農林中金＜パートナーズ＞長期厳選投資　おおぶね,11740,50,910448277,775533122,11794
2018/11/20,農林中金＜パートナーズ＞長期厳選投資　おおぶね,11552,50,899214454,778384517,11605
2018/11/21,農林中金＜パートナーズ＞長期厳選投資　おおぶね,11430,50,892754322,781079720,11483
2018/11/22,農林中金＜パートナーズ＞長期厳選投資　おおぶね,11478,50,902199619,786024750,11531
2018/11/26,農林中金＜パートナーズ＞長期厳選投資　おおぶね,11471,50,892711006,778226184,11524
2018/11/27,農林中金＜パートナーズ＞長期厳選投資　おおぶね,11602,50,902877416,778226184,11656
2018/11/28,農林中金＜パートナーズ＞長期厳選投資　おおぶね,11635,50,900252556,773721025,11689
2018/11/29,農林中金＜パートナーズ＞長期厳選投資　おおぶね,11755,50,913502572,777137974,11809
2018/11/30,農林中金＜パートナーズ＞長期厳選投資　おおぶね,11730,50,915206435,780218013,11784
2018/12/03,農林中金＜パートナーズ＞長期厳選投資　おおぶね,11837,50,928504021,784426907,11892
2018/12/04,農林中金＜パートナーズ＞長期厳選投資　おおぶね,11934,50,954775160,800023940,11989
2018/12/05,農林中金＜パートナーズ＞長期厳選投資　おおぶね,11570,50,929401531,803305789,11623
2018/12/06,農林中金＜パートナーズ＞長期厳選投資　おおぶね,11575,50,935539029,808236349,11628
2018/12/07,農林中金＜パートナーズ＞長期厳選投資　おおぶね,11512,50,930477621,808236349,11565
2018/12/10,農林中金＜パートナーズ＞長期厳選投資　おおぶね,11271,50,918041957,814508910,11323
2018/12/11,農林中金＜パートナーズ＞長期厳選投資　おおぶね,11357,50,928268614,817381975,11409
2018/12/12,農林中金＜パートナーズ＞長期厳選投資　おおぶね,11430,50,933781560,816963038,11483
2018/12/13,農林中金＜パートナーズ＞長期厳選投資　おおぶね,11468,50,937093912,817163933,11521
2018/12/14,農林中金＜パートナーズ＞長期厳選投資　おおぶね,11484,50,940902751,819350769,11537
2018/12/17,農林中金＜パートナーズ＞長期厳選投資　おおぶね,11337,50,948190463,836385331,11389
2018/12/18,農林中金＜パートナーズ＞長期厳選投資　おおぶね,11010,50,925096713,840240981,11061
2018/12/19,農林中金＜パートナーズ＞長期厳選投資　おおぶね,10989,50,923388240,840256111,11040
2018/12/20,農林中金＜パートナーズ＞長期厳選投資　おおぶね,10874,50,915563411,841966653,10924
2018/12/21,農林中金＜パートナーズ＞長期厳選投資　おおぶね,10632,50,904723321,850974706,10681
2018/12/25,農林中金＜パートナーズ＞長期厳選投資　おおぶね,10137,50,863745699,852102565,10184
2018/12/26,農林中金＜パートナーズ＞長期厳選投資　おおぶね,10185,50,866516724,850776997,10232
2018/12/27,農林中金＜パートナーズ＞長期厳選投資　おおぶね,10595,50,901390619,850776997,10644
2018/12/28,農林中金＜パートナーズ＞長期厳選投資　おおぶね,10707,50,902823486,843184938,10756
2019/01/04,農林中金＜パートナーズ＞長期厳選投資　おおぶね,10191,50,862561237,846381811,10238
2019/01/07,農林中金＜パートナーズ＞長期厳選投資　おおぶね,10519,50,895521537,851349809,10568
2019/01/08,農林中金＜パートナーズ＞長期厳選投資　おおぶね,10624,50,905632808,852440756,10673
2019/01/09,農林中金＜パートナーズ＞長期厳選投資　おおぶね,10710,50,913619090,853078872,10760
2019/01/10,農林中金＜パートナーズ＞長期厳選投資　おおぶね,10722,50,917573711,855757094,10772
2019/01/11,農林中金＜パートナーズ＞長期厳選投資　おおぶね,10811,50,927721201,858101438,10861
2019/01/15,農林中金＜パートナーズ＞長期厳選投資　おおぶね,10733,50,925704603,862481672,10783
2019/01/16,農林中金＜パートナーズ＞長期厳選投資　おおぶね,10771,50,928839002,862359194,10821
2019/01/17,農林中金＜パートナーズ＞長期厳選投資　おおぶね,10799,50,933703798,864617800,10849
2019/01/18,農林中金＜パートナーズ＞長期厳選投資　おおぶね,10922,50,952308056,871897341,10972
2019/01/21,農林中金＜パートナーズ＞長期厳選投資　おおぶね,11100,50,971891720,875564388,11151
2019/01/22,農林中金＜パートナーズ＞長期厳選投資　おおぶね,11102,50,976109648,879259075,11153
2019/01/23,農林中金＜パートナーズ＞長期厳選投資　おおぶね,10967,50,964290410,879259075,11018
2019/01/24,農林中金＜パートナーズ＞長期厳選投資　おおぶね,10996,50,989943168,900273020,11047
2019/01/25,農林中金＜パートナーズ＞長期厳選投資　おおぶね,11000,50,981684579,892458120,11051
2019/01/28,農林中金＜パートナーズ＞長期厳選投資　おおぶね,11027,50,988171235,896127776,11078
2019/01/29,農林中金＜パートナーズ＞長期厳選投資　おおぶね,10956,50,982483139,896760586,11007
2019/01/30,農林中金＜パートナーズ＞長期厳選投資　おおぶね,11030,50,993760291,900943674,11081
2019/01/31,農林中金＜パートナーズ＞長期厳選投資　おおぶね,11082,50,998756791,901237952,11133
2019/02/01,農林中金＜パートナーズ＞長期厳選投資　おおぶね,11144,50,1003443879,900468918,11196
2019/02/04,農林中金＜パートナーズ＞長期厳選投資　おおぶね,11227,50,1011973660,901384771,11279
2019/02/05,農林中金＜パートナーズ＞長期厳選投資　おおぶね,11331,50,1024546355,904210591,11383
2019/02/06,農林中金＜パートナーズ＞長期厳選投資　おおぶね,11308,50,1017603834,899890523,11360
2019/02/07,農林中金＜パートナーズ＞長期厳選投資　おおぶね,11344,50,1022549337,901417495,11396
2019/02/08,農林中金＜パートナーズ＞長期厳選投資　おおぶね,11269,50,1017252486,902686450,11321
2019/02/12,農林中金＜パートナーズ＞長期厳選投資　おおぶね,11415,50,1026495374,899257017,11468
2019/02/13,農林中金＜パートナーズ＞長期厳選投資　おおぶね,11542,50,1034758211,896545883,11595
2019/02/14,農林中金＜パートナーズ＞長期厳選投資　おおぶね,11619,50,1042002161,896825334,11673
2019/02/15,農林中金＜パートナーズ＞長期厳選投資　おおぶね,11512,50,1040079211,903459612,11565
2019/02/18,農林中金＜パートナーズ＞長期厳選投資　おおぶね,11667,50,1056362653,905427494,11721
2019/02/19,農林中金＜パートナーズ＞長期厳選投資　おおぶね,11666,50,1076228542,922542518,11720
2019/02/20,農林中金＜パートナーズ＞長期厳選投資　おおぶね,11674,50,1077010871,922542518,11728
2019/02/21,農林中金＜パートナーズ＞長期厳選投資　おおぶね,11688,50,1080966803,924818753,11742
2019/02/22,農林中金＜パートナーズ＞長期厳選投資　おおぶね,11697,50,1082033027,925061094,11751
2019/02/25,農林中金＜パートナーズ＞長期厳選投資　おおぶね,11768,50,1088447694,924939025,11822
2019/02/26,農林中金＜パートナーズ＞長期厳選投資　おおぶね,11788,50,1098196328,931603818,11842
2019/02/27,農林中金＜パートナーズ＞長期厳選投資　おおぶね,11718,50,1092250518,932077088,11772
2019/02/28,農林中金＜パートナーズ＞長期厳選投資　おおぶね,11761,50,1097987659,933568870,11815
2019/03/01,農林中金＜パートナーズ＞長期厳選投資　おおぶね,11813,50,1109531669,939272445,11868
2019/03/04,農林中金＜パートナーズ＞長期厳選投資　おおぶね,11948,50,1128078359,944154453,12003
2019/03/05,農林中金＜パートナーズ＞長期厳選投資　おおぶね,11898,50,1127158219,947327853,11953
2019/03/06,農林中金＜パートナーズ＞長期厳選投資　おおぶね,11854,50,1127657239,951277800,11909
2019/03/07,農林中金＜パートナーズ＞長期厳選投資　おおぶね,11793,50,1122963969,952269460,11848
2019/03/08,農林中金＜パートナーズ＞長期厳選投資　おおぶね,11721,50,1115434160,951626922,11775
2019/03/11,農林中金＜パートナーズ＞長期厳選投資　おおぶね,11656,50,1111092731,953247279,11710
2019/03/12,農林中金＜パートナーズ＞長期厳選投資　おおぶね,11857,50,1118122497,943022125,11912
2019/03/13,農林中金＜パートナーズ＞長期厳選投資　おおぶね,11835,50,1102052943,931179658,11890
2019/03/14,農林中金＜パートナーズ＞長期厳選投資　おおぶね,11905,50,1118342219,939412181,11960
2019/03/15,農林中金＜パートナーズ＞長期厳選投資　おおぶね,11967,50,1125650591,940603396,12022
2019/03/18,農林中金＜パートナーズ＞長期厳選投資　おおぶね,11985,50,1129897558,942784302,12040
2019/03/19,農林中金＜パートナーズ＞長期厳選投資　おおぶね,11941,50,1148078796,961492649,11996
2019/03/20,農林中金＜パートナーズ＞長期厳選投資　おおぶね,11945,50,1146810144,960071844,12000
2019/03/22,農林中金＜パートナーズ＞長期厳選投資　おおぶね,11926,50,1146045674,960956084,11981
2019/03/25,農林中金＜パートナーズ＞長期厳選投資　おおぶね,11685,50,1123528933,961474344,11739
2019/03/26,農林中金＜パートナーズ＞長期厳選投資　おおぶね,11719,50,1132022493,965938332,11773
2019/03/27,農林中金＜パートナーズ＞長期厳選投資　おおぶね,11874,50,1153786621,971717365,11929
2019/03/28,農林中金＜パートナーズ＞長期厳選投資　おおぶね,11850,50,1149720758,970208842,11905
2019/03/29,農林中金＜パートナーズ＞長期厳選投資　おおぶね,11991,50,1165619290,972096115,12046
2019/04/01,農林中金＜パートナーズ＞長期厳選投資　おおぶね,12064,50,1176649309,975345497,12120
2019/04/02,農林中金＜パートナーズ＞長期厳選投資　おおぶね,12224,50,1195279795,977842142,12280
2019/04/03,農林中金＜パートナーズ＞長期厳選投資　おおぶね,12242,50,1193518720,974969484,12299
2019/04/04,農林中金＜パートナーズ＞長期厳選投資　おおぶね,12286,50,1200886327,977408336,12343
2019/04/05,農林中金＜パートナーズ＞長期厳選投資　おおぶね,12358,50,1209014949,978299329,12415
2019/04/08,農林中金＜パートナーズ＞長期厳選投資　おおぶね,12346,50,1211658998,981399076,12403
2019/04/09,農林中金＜パートナーズ＞長期厳選投資　おおぶね,12344,50,1214869002,984152076,12401
2019/04/10,農林中金＜パートナーズ＞長期厳選投資　おおぶね,12270,50,1206514948,983287252,12327
2019/04/11,農林中金＜パートナーズ＞長期厳選投資　おおぶね,12294,50,1211647811,985585604,12351
2019/04/12,農林中金＜パートナーズ＞長期厳選投資　おおぶね,12387,50,1248473239,1007851143,12444
2019/04/15,農林中金＜パートナーズ＞長期厳選投資　おおぶね,12559,50,1267905829,1009560926,12617
2019/04/16,農林中金＜パートナーズ＞長期厳選投資　おおぶね,12559,50,1293365755,1029860331,12617
2019/04/17,農林中金＜パートナーズ＞長期厳選投資　おおぶね,12555,50,1285559253,1023930420,12613
2019/04/18,農林中金＜パートナーズ＞長期厳選投資　おおぶね,12488,50,1282645288,1027079515,12546
2019/04/19,農林中金＜パートナーズ＞長期厳選投資　おおぶね,12559,50,1288365124,1025829877,12617
2019/04/22,農林中金＜パートナーズ＞長期厳選投資　おおぶね,12556,50,1314975818,1047298050,12614
2019/04/23,農林中金＜パートナーズ＞長期厳選投資　おおぶね,12516,50,1310823855,1047298050,12574
2019/04/24,農林中金＜パートナーズ＞長期厳選投資　おおぶね,12609,50,1334887686,1058655349,12667
2019/04/25,農林中金＜パートナーズ＞長期厳選投資　おおぶね,12622,50,1345042555,1065668549,12680
2019/04/26,農林中金＜パートナーズ＞長期厳選投資　おおぶね,12489,50,1367922626,1095328845,12547
2019/05/07,農林中金＜パートナーズ＞長期厳選投資　おおぶね,12377,50,1360819076,1099474301,12434
2019/05/08,農林中金＜パートナーズ＞長期厳選投資　おおぶね,12130,50,1343213119,1107303760,12186
2019/05/09,農林中金＜パートナーズ＞長期厳選投資　おおぶね,12128,50,1352467417,1115181861,12184
2019/05/10,農林中金＜パートナーズ＞長期厳選投資　おおぶね,12069,50,1365114587,1131121701,12125
2019/05/13,農林中金＜パートナーズ＞長期厳選投資　おおぶね,12084,50,1363418263,1128247734,12140
2019/05/14,農林中金＜パートナーズ＞長期厳選投資　おおぶね,11836,50,1340080501,1132254361,11891
2019/05/15,農林中金＜パートナーズ＞長期厳選投資　おおぶね,11924,50,1364600794,1144397178,11979
2019/05/16,農林中金＜パートナーズ＞長期厳選投資　おおぶね,11953,50,1372881438,1148537610,12008
2019/05/17,農林中金＜パートナーズ＞長期厳選投資　おおぶね,12084,50,1404362801,1162136228,12140
2019/05/20,農林中金＜パートナーズ＞長期厳選投資　おおぶね,12019,50,1424500721,1185229037,12075
2019/05/21,農林中金＜パートナーズ＞長期厳選投資　おおぶね,11948,50,1429329018,1196338695,12003
2019/05/22,農林中金＜パートナーズ＞長期厳選投資　おおぶね,12081,50,1466347108,1213764969,12137
2019/05/23,農林中金＜パートナーズ＞長期厳選投資　おおぶね,12077,50,1473765821,1220260264,12133
2019/05/24,農林中金＜パートナーズ＞長期厳選投資　おおぶね,11913,50,1469938425,1233886348,11968
2019/05/27,農林中金＜パートナーズ＞長期厳選投資　おおぶね,11883,50,1507764293,1268876966,11938
2019/05/28,農林中金＜パートナーズ＞長期厳選投資　おおぶね,11890,50,1519330065,1277872229,11945
2019/05/29,農林中金＜パートナーズ＞長期厳選投資　おおぶね,11758,50,1502474185,1277872229,11812
2019/05/30,農林中金＜パートナーズ＞長期厳選投資　おおぶね,11749,50,1520402690,1294118114,11803
2019/05/31,農林中金＜パートナーズ＞長期厳選投資　おおぶね,11780,50,1533065556,1301399001,11834
2019/06/03,農林中金＜パートナーズ＞長期厳選投資　おおぶね,11590,50,1502214818,1296170399,11644
2019/06/04,農林中金＜パートナーズ＞長期厳選投資　おおぶね,11620,50,1502262065,1292873398,11674
2019/06/05,農林中金＜パートナーズ＞長期厳選投資　おおぶね,11838,50,1537949827,1299121493,11893
2019/06/06,農林中金＜パートナーズ＞長期厳選投資　おおぶね,11989,50,1576207522,1314726911,12044
2019/06/07,農林中金＜パートナーズ＞長期厳選投資　おおぶね,12093,50,1585188437,1310830593,12149
2019/06/10,農林中金＜パートナーズ＞長期厳選投資　おおぶね,12196,50,1605245928,1316197905,12252
2019/06/11,農林中金＜パートナーズ＞長期厳選投資　おおぶね,12201,50,1627880086,1334183047,12257
2019/06/12,農林中金＜パートナーズ＞長期厳選投資　おおぶね,12156,50,1632444872,1342861447,12212
2019/06/13,農林中金＜パートナーズ＞長期厳選投資　おおぶね,12155,50,1645359615,1353610353,12211
2019/06/14,農林中金＜パートナーズ＞長期厳選投資　おおぶね,12179,50,1665323910,1367386484,12235
2019/06/17,農林中金＜パートナーズ＞長期厳選投資　おおぶね,12150,50,1707902971,1405675079,12206
2019/06/18,農林中金＜パートナーズ＞長期厳選投資　おおぶね,12091,50,1724931116,1426653416,12147
2019/06/19,農林中金＜パートナーズ＞長期厳選投資　おおぶね,12168,50,1774213890,1458141791,12224
2019/06/20,農林中金＜パートナーズ＞長期厳選投資　おおぶね,12068,120,1793231749,1485919549,12194
2019/06/21,農林中金＜パートナーズ＞長期厳選投資　おおぶね,12172,120,1845180844,1515968553,12299
2019/06/24,農林中金＜パートナーズ＞長期厳選投資　おおぶね,12120,120,1845427423,1522677736,12247
2019/06/25,農林中金＜パートナーズ＞長期厳選投資　おおぶね,12125,120,1860831768,1534731041,12252
2019/06/26,農林中金＜パートナーズ＞長期厳選投資　おおぶね,12069,120,1848151966,1531364863,12195
2019/06/27,農林中金＜パートナーズ＞長期厳選投資　おおぶね,12042,120,1856104734,1541407074,12168
2019/06/28,農林中金＜パートナーズ＞長期厳選投資　おおぶね,12093,120,1882418696,1556588971,12219
2019/07/01,農林中金＜パートナーズ＞長期厳選投資　おおぶね,12211,120,1895254890,1552083550,12339
2019/07/02,農林中金＜パートナーズ＞長期厳選投資　おおぶね,12311,120,1925344670,1563965743,12440
2019/07/03,農林中金＜パートナーズ＞長期厳選投資　おおぶね,12252,120,1922574823,1569180280,12380
2019/07/04,農林中金＜パートナーズ＞長期厳選投資　おおぶね,12371,120,1968542287,1591308305,12500
2019/07/05,農林中金＜パートナーズ＞長期厳選投資　おおぶね,12380,120,1979880673,1599295092,12509
2019/07/08,農林中金＜パートナーズ＞長期厳選投資　おおぶね,12375,120,1979205605,1599295092,12504
2019/07/09,農林中金＜パートナーズ＞長期厳選投資　おおぶね,12351,120,2000211833,1619481187,12480
2019/07/10,農林中金＜パートナーズ＞長期厳選投資　おおぶね,12341,120,2008800658,1627755098,12470
2019/07/11,農林中金＜パートナーズ＞長期厳選投資　おおぶね,12292,120,2010337235,1635465160,12420
2019/07/12,農林中金＜パートナーズ＞長期厳選投資　おおぶね,12386,120,2048349244,1653716974,12515
2019/07/16,農林中金＜パートナーズ＞長期厳選投資　おおぶね,12418,120,2069611860,1666600172,12548
2019/07/17,農林中金＜パートナーズ＞長期厳選投資　おおぶね,12444,120,2092644084,1681693049,12574
2019/07/18,農林中金＜パートナーズ＞長期厳選投資　おおぶね,12312,120,2125547725,1726430626,12441
2019/07/19,農林中金＜パートナーズ＞長期厳選投資　おおぶね,12328,120,2128801352,1726742893,12457
2019/07/22,農林中金＜パートナーズ＞長期厳選投資　おおぶね,12298,120,2129514598,1731652309,12427
2019/07/23,農林中金＜パートナーズ＞長期厳選投資　おおぶね,12334,120,2142956128,1737385787,12463
2019/07/24,農林中金＜パートナーズ＞長期厳選投資　おおぶね,12482,120,2195502851,1758974030,12612
2019/07/25,農林中金＜パートナーズ＞長期厳選投資　おおぶね,12521,120,2210217607,1765218705,12652
2019/07/26,農林中金＜パートナーズ＞長期厳選投資　おおぶね,12567,120,2240231779,1782687035,12698
2019/07/29,農林中金＜パートナーズ＞長期厳選投資　おおぶね,12599,120,2251380107,1786996108,12731
2019/07/30,農林中金＜パートナーズ＞長期厳選投資　おおぶね,12685,120,2285056819,1801428313,12818
2019/07/31,農林中金＜パートナーズ＞長期厳選投資　おおぶね,12666,120,2289535706,1807652615,12798
2019/08/01,農林中金＜パートナーズ＞長期厳選投資　おおぶね,12541,120,2271174972,1810944016,12672
2019/08/02,農林中金＜パートナーズ＞長期厳選投資　おおぶね,12217,120,2234860136,1829287757,12345
2019/08/05,農林中金＜パートナーズ＞長期厳選投資　おおぶね,12045,120,2214825080,1838759523,12171
2019/08/06,農林中金＜パートナーズ＞長期厳選投資　おおぶね,11646,120,2155752071,1851026904,11768
2019/08/07,農林中金＜パートナーズ＞長期厳選投資　おおぶね,11790,120,2185524355,1853659663,11913
2019/08/08,農林中金＜パートナーズ＞長期厳選投資　おおぶね,11832,120,2202485557,1861465762,11956
2019/08/09,農林中金＜パートナーズ＞長期厳選投資　おおぶね,12034,120,2234108833,1856558738,12160
2019/08/13,農林中金＜パートナーズ＞長期厳選投資　おおぶね,11780,120,2183921849,1853875226,11903
2019/08/14,農林中金＜パートナーズ＞長期厳選投資　おおぶね,12019,120,2237839844,1861888384,12145
2019/08/15,農林中金＜パートナーズ＞長期厳選投資　おおぶね,11679,120,2193548066,1878158817,11801
2019/08/16,農林中金＜パートナーズ＞長期厳選投資　おおぶね,11736,120,2217455981,1889393877,11859
2019/08/19,農林中金＜パートナーズ＞長期厳選投資　おおぶね,11926,120,2305083340,1932766523,12051
2019/08/20,農林中金＜パートナーズ＞長期厳選投資　おおぶね,12051,120,2327783558,1931543211,12177
2019/08/21,農林中金＜パートナーズ＞長期厳選投資　おおぶね,11920,120,2305396374,1934043008,12045
2019/08/22,農林中金＜パートナーズ＞長期厳選投資　おおぶね,12045,120,2342276156,1944585244,12171
2019/08/23,農林中金＜パートナーズ＞長期厳選投資　おおぶね,12038,120,2345879571,1948806537,12164
2019/08/26,農林中金＜パートナーズ＞長期厳選投資　おおぶね,11591,120,2278585637,1965848440,11712
2019/08/27,農林中金＜パートナーズ＞長期厳選投資　おおぶね,11772,120,2317744570,1968802034,11895
2019/08/28,農林中金＜パートナーズ＞長期厳選投資　おおぶね,11778,120,2326847324,1975636901,11901
2019/08/29,農林中金＜パートナーズ＞長期厳選投資　おおぶね,11902,120,2359245776,1982225487,12026
2019/08/30,農林中金＜パートナーズ＞長期厳選投資　おおぶね,12050,120,2393092034,1986021738,12176
2019/09/02,農林中金＜パートナーズ＞長期厳選投資　おおぶね,12015,120,2392578400,1991367447,12141
2019/09/03,農林中金＜パートナーズ＞長期厳選投資　おおぶね,12034,120,2414619802,2006523636,12160
2019/09/04,農林中金＜パートナーズ＞長期厳選投資　おおぶね,11903,120,2388424651,2006523636,12027
2019/09/05,農林中金＜パートナーズ＞長期厳選投資　おおぶね,12101,120,2437782485,2014534843,12227
2019/09/06,農林中金＜パートナーズ＞長期厳選投資　おおぶね,12308,120,2482361227,2016792628,12437
2019/09/09,農林中金＜パートナーズ＞長期厳選投資　おおぶね,12342,120,2504778989,2029433574,12471
2019/09/10,農林中金＜パートナーズ＞長期厳選投資　おおぶね,12315,120,2498066178,2028428970,12444
2019/09/11,農林中金＜パートナーズ＞長期厳選投資　おおぶね,12305,120,2490553991,2023974003,12434
2019/09/12,農林中金＜パートナーズ＞長期厳選投資　おおぶね,12426,120,2517800244,2026252753,12556
2019/09/13,農林中金＜パートナーズ＞長期厳選投資　おおぶね,12534,120,2558090393,2040971317,12665
2019/09/17,農林中金＜パートナーズ＞長期厳選投資　おおぶね,12388,120,2567213300,2072363510,12517
2019/09/18,農林中金＜パートナーズ＞長期厳選投資　おおぶね,12430,120,2574023607,2070772525,12560
2019/09/19,農林中金＜パートナーズ＞長期厳選投資　おおぶね,12460,120,2575288418,2066885190,12590
2019/09/20,農林中金＜パートナーズ＞長期厳選投資　おおぶね,12390,120,2560208538,2066339406,12519
2019/09/24,農林中金＜パートナーズ＞長期厳選投資　おおぶね,12313,120,2547813264,2069215834,12442
2019/09/25,農林中金＜パートナーズ＞長期厳選投資　おおぶね,12192,120,2526783300,2072553122,12319
2019/09/26,農林中金＜パートナーズ＞長期厳選投資　おおぶね,12336,120,2554227676,2070610236,12465
2019/09/27,農林中金＜パートナーズ＞長期厳選投資　おおぶね,12348,120,2563281697,2075832855,12477
2019/09/30,農林中金＜パートナーズ＞長期厳選投資　おおぶね,12339,120,2567387733,2080684840,12468
2019/10/01,農林中金＜パートナーズ＞長期厳選投資　おおぶね,12438,120,2591016830,2083128018,12568
2019/10/02,農林中金＜パートナーズ＞長期厳選投資　おおぶね,12261,120,2552350522,2081670888,12389
2019/10/03,農林中金＜パートナーズ＞長期厳選投資　おおぶね,11995,120,2504574233,2087942089,12120
2019/10/04,農林中金＜パートナーズ＞長期厳選投資　おおぶね,12053,120,2526588977,2096207038,12179
2019/10/07,農林中金＜パートナーズ＞長期厳選投資　おおぶね,12184,120,2562694004,2103381255,12311
2019/10/08,農林中金＜パートナーズ＞長期厳選投資　おおぶね,12181,120,2563389222,2104427047,12308
2019/10/09,農林中金＜パートナーズ＞長期厳選投資　おおぶね,11952,120,2514555362,2103963433,12077
2019/10/10,農林中金＜パートナーズ＞長期厳選投資　おおぶね,12091,120,2545798951,2105585457,12217
2019/10/11,農林中金＜パートナーズ＞長期厳選投資　おおぶね,12213,120,2582345425,2114418507,12341
2019/10/15,農林中金＜パートナーズ＞長期厳選投資　おおぶね,12332,120,2644881021,2144722331,12461
2019/10/16,農林中金＜パートナーズ＞長期厳選投資　おおぶね,12429,120,2669681459,2147877531,12559
2019/10/17,農林中金＜パートナーズ＞長期厳選投資　おおぶね,12402,120,2661900668,2146415547,12532
2019/10/18,農林中金＜パートナーズ＞長期厳選投資　おおぶね,12453,120,2719440111,2183776571,12583
2019/10/21,農林中金＜パートナーズ＞長期厳選投資　おおぶね,12407,120,2708869933,2183387097,12537
2019/10/23,農林中金＜パートナーズ＞長期厳選投資　おおぶね,12363,120,2692641528,2178067828,12492
2019/10/24,農林中金＜パートナーズ＞長期厳選投資　おおぶね,12369,120,2684713465,2170441017,12498
2019/10/25,農林中金＜パートナーズ＞長期厳選投資　おおぶね,12397,120,2692862758,2172135512,12527
2019/10/28,農林中金＜パートナーズ＞長期厳選投資　おおぶね,12470,120,2710093543,2173216867,12600
2019/10/29,農林中金＜パートナーズ＞長期厳選投資　おおぶね,12655,120,2755167874,2177203350,12787
2019/10/30,農林中金＜パートナーズ＞長期厳選投資　おおぶね,12669,120,2759384510,2178098119,12801
2019/10/31,農林中金＜パートナーズ＞長期厳選投資　おおぶね,12697,120,2769274678,2181109665,12830
2019/11/01,農林中金＜パートナーズ＞長期厳選投資　おおぶね,12501,120,2726328511,2180809691,12632
2019/11/05,農林中金＜パートナーズ＞長期厳選投資　おおぶね,12681,120,2770405108,2184642638,12814
2019/11/06,農林中金＜パートナーズ＞長期厳選投資　おおぶね,12668,120,2771339834,2187661263,12800
2019/11/07,農林中金＜パートナーズ＞長期厳選投資　おおぶね,12680,120,2773717011,2187512725,12812
2019/11/08,農林中金＜パートナーズ＞長期厳選投資　おおぶね,12721,120,2773557877,2180248865,12854
2019/11/11,農林中金＜パートナーズ＞長期厳選投資　おおぶね,12709,120,2768010702,2177995877,12842
2019/11/12,農林中金＜パートナーズ＞長期厳選投資　おおぶね,12652,120,2741966773,2167156858,12784
2019/11/13,農林中金＜パートナーズ＞長期厳選投資　おおぶね,12643,120,2739975921,2167156858,12775
2019/11/14,農林中金＜パートナーズ＞長期厳選投資　おおぶね,12751,120,2754264398,2159982160,12884
2019/11/15,農林中金＜パートナーズ＞長期厳選投資　おおぶね,12723,120,2757060946,2167017285,12856
2019/11/18,農林中金＜パートナーズ＞長期厳選投資　おおぶね,12772,120,2768772872,2167902049,12905
2019/11/19,農林中金＜パートナーズ＞長期厳選投資　おおぶね,12762,120,2831997035,2219143266,12895
2019/11/20,農林中金＜パートナーズ＞長期厳選投資　おおぶね,12823,120,2845139476,2218717198,12957
2019/11/21,農林中金＜パートナーズ＞長期厳選投資　おおぶね,12738,120,2827521029,2219813562,12871
2019/11/22,農林中金＜パートナーズ＞長期厳選投資　おおぶね,12735,120,2829802160,2222086048,12868
2019/11/25,農林中金＜パートナーズ＞長期厳選投資　おおぶね,12804,120,2837529643,2216151444,12938
2019/11/26,農林中金＜パートナーズ＞長期厳選投資　おおぶね,12930,120,2868848009,2218778807,13065
2019/11/27,農林中金＜パートナーズ＞長期厳選投資　おおぶね,13025,120,2901907168,2227902747,13161
2019/11/28,農林中金＜パートナーズ＞長期厳選投資　おおぶね,13105,120,2926877127,2233469451,13242
2019/11/29,農林中金＜パートナーズ＞長期厳選投資　おおぶね,13123,120,2901358573,2210942118,13260
2019/12/02,農林中金＜パートナーズ＞長期厳選投資　おおぶね,13093,120,2894730687,2210942118,13230
2019/12/03,農林中金＜パートナーズ＞長期厳選投資　おおぶね,12958,120,2869770362,2214622465,13093
2019/12/04,農林中金＜パートナーズ＞長期厳選投資　おおぶね,12820,120,2843865431,2218341702,12954
2019/12/05,農林中金＜パートナーズ＞長期厳選投資　おおぶね,12926,120,2870933017,2221135917,13061
2019/12/06,農林中金＜パートナーズ＞長期厳選投資　おおぶね,12942,120,2875878279,2222115631,13077
2019/12/09,農林中金＜パートナーズ＞長期厳選投資　おおぶね,13033,120,2906311882,2229996443,13169
2019/12/10,農林中金＜パートナーズ＞長期厳選投資　おおぶね,12994,120,2914456775,2242957251,13130
2019/12/11,農林中金＜パートナーズ＞長期厳選投資　おおぶね,12973,120,2912298243,2244831349,13109
2019/12/12,農林中金＜パートナーズ＞長期厳選投資　おおぶね,13007,120,2933982226,2255729098,13143
2019/12/13,農林中金＜パートナーズ＞長期厳選投資　おおぶね,13196,120,2984049582,2261246880,13334
2019/12/16,農林中金＜パートナーズ＞長期厳選投資　おおぶね,13207,120,2979390255,2255838710,13345
2019/12/17,農林中金＜パートナーズ＞長期厳選投資　おおぶね,13246,120,3036413356,2292368770,13384
2019/12/18,農林中金＜パートナーズ＞長期厳選投資　おおぶね,13220,120,3037298018,2297427325,13358
2019/12/19,農林中金＜パートナーズ＞長期厳選投資　おおぶね,13206,120,3034602547,2297967455,13344
2019/12/20,農林中金＜パートナーズ＞長期厳選投資　おおぶね,13255,120,3049359489,2300548636,13394
2019/12/23,農林中金＜パートナーズ＞長期厳選投資　おおぶね,13350,120,3070370611,2299896910,13489
2019/12/24,農林中金＜パートナーズ＞長期厳選投資　おおぶね,13363,120,3068820426,2296462652,13503
2019/12/25,農林中金＜パートナーズ＞長期厳選投資　おおぶね,13341,120,3044969569,2282359982,13480
2019/12/26,農林中金＜パートナーズ＞長期厳選投資　おおぶね,13367,120,3055872139,2286214333,13507
2019/12/27,農林中金＜パートナーズ＞長期厳選投資　おおぶね,13405,120,3064736642,2286214333,13545
2019/12/30,農林中金＜パートナーズ＞長期厳選投資　おおぶね,13426,120,3070968821,2287371071,13566
2020/01/06,農林中金＜パートナーズ＞長期厳選投資　おおぶね,13238,120,3045862480,2300889495,13376
2020/01/07,農林中金＜パートナーズ＞長期厳選投資　おおぶね,13280,120,3059391865,2303790798,13419
2020/01/08,農林中金＜パートナーズ＞長期厳選投資　おおぶね,13195,120,3042265366,2305673216,13333
2020/01/09,農林中金＜パートナーズ＞長期厳選投資　おおぶね,13418,120,3095077527,2306623822,13558
2020/01/10,農林中金＜パートナーズ＞長期厳選投資　おおぶね,13514,120,3102325234,2295678104,13655
2020/01/14,農林中金＜パートナーズ＞長期厳選投資　おおぶね,13654,120,3132902883,2294538255,13797
2020/01/15,農林中金＜パートナーズ＞長期厳選投資　おおぶね,13661,120,3148782379,2305018675,13804
2020/01/16,農林中金＜パートナーズ＞長期厳選投資　おおぶね,13690,120,3157247284,2306298120,13833
2020/01/17,農林中金＜パートナーズ＞長期厳選投資　おおぶね,13814,120,3200277558,2316736777,13958
2020/01/20,農林中金＜パートナーズ＞長期厳選投資　おおぶね,13868,120,3222310700,2323512175,14013
2020/01/21,農林中金＜パートナーズ＞長期厳選投資　おおぶね,13873,120,3229245785,2327643394,14018
2020/01/22,農林中金＜パートナーズ＞長期厳選投資　おおぶね,13832,120,3219580833,2327643394,13977
2020/01/23,農林中金＜パートナーズ＞長期厳選投資　おおぶね,13826,120,3292897555,2381647845,13970
2020/01/24,農林中金＜パートナーズ＞長期厳選投資　おおぶね,13794,120,3299683686,2392141421,13938
2020/01/27,農林中金＜パートナーズ＞長期厳選投資　おおぶね,13638,120,3264007478,2393330113,13781
2020/01/28,農林中金＜パートナーズ＞長期厳選投資　おおぶね,13455,120,3232777225,2402596327,13596
2020/01/29,農林中金＜パートナーズ＞長期厳選投資　おおぶね,13492,120,3243316284,2403957098,13633
2020/01/30,農林中金＜パートナーズ＞長期厳選投資　おおぶね,13439,120,3233928785,2406367810,13579
2020/01/31,農林中金＜パートナーズ＞長期厳選投資　おおぶね,13437,120,3232631348,2405746828,13577
2020/02/03,農林中金＜パートナーズ＞長期厳選投資　おおぶね,13228,120,3180175840,2404130566,13366
2020/02/04,農林中金＜パートナーズ＞長期厳選投資　おおぶね,13369,120,3233905452,2419031495,13509
2020/02/05,農林中金＜パートナーズ＞長期厳選投資　おおぶね,13668,120,3305016666,2418131895,13811
2020/02/06,農林中金＜パートナーズ＞長期厳選投資　おおぶね,13810,120,3335142652,2414994557,13954
2020/02/07,農林中金＜パートナーズ＞長期厳選投資　おおぶね,13744,120,3325573597,2419599536,13888
2020/02/10,農林中金＜パートナーズ＞長期厳選投資　おおぶね,13617,120,3291081283,2416852421,13759
2020/02/12,農林中金＜パートナーズ＞長期厳選投資　おおぶね,13740,120,3327618589,2421828189,13884
2020/02/13,農林中金＜パートナーズ＞長期厳選投資　おおぶね,13828,120,3350023585,2422708762,13972
2020/02/14,農林中金＜パートナーズ＞長期厳選投資　おおぶね,13830,120,3351025145,2422953995,13975
2020/02/17,農林中金＜パートナーズ＞長期厳選投資　おおぶね,13851,120,3364343229,2428955506,13996
2020/02/18,農林中金＜パートナーズ＞長期厳選投資　おおぶね,13858,120,3418430610,2466823422,14003
2020/02/19,農林中金＜パートナーズ＞長期厳選投資　おおぶね,13770,120,3396833581,2466823422,13914
2020/02/20,農林中金＜パートナーズ＞長期厳選投資　おおぶね,13982,120,3462558284,2476434430,14128
2020/02/21,農林中金＜パートナーズ＞長期厳選投資　おおぶね,14017,120,3473003383,2477773087,14163
2020/02/25,農林中金＜パートナーズ＞長期厳選投資　おおぶね,13465,120,3344950245,2484185873,13606
2020/02/26,農林中金＜パートナーズ＞長期厳選投資　おおぶね,13081,120,3257757791,2490459736,13218
2020/02/27,農林中金＜パートナーズ＞長期厳選投資　おおぶね,13020,120,3225440943,2477332251,13156
2020/02/28,農林中金＜パートナーズ＞長期厳選投資　おおぶね,12572,120,3120672288,2482179098,12703
2020/03/02,農林中金＜パートナーズ＞長期厳選投資　おおぶね,12267,120,3039238048,2477488107,12395
2020/03/03,農林中金＜パートナーズ＞長期厳選投資　おおぶね,12816,120,3183670570,2484041353,12950
2020/03/04,農林中金＜パートナーズ＞長期厳選投資　おおぶね,12473,120,3073533048,2464163062,12603
2020/03/05,農林中金＜パートナーズ＞長期厳選投資　おおぶね,12982,120,3157957548,2432601213,13118
2020/03/06,農林中金＜パートナーズ＞長期厳選投資　おおぶね,12515,120,3054831608,2440915869,12646
2020/03/09,農林中金＜パートナーズ＞長期厳選投資　おおぶね,11947,120,2930005995,2452421691,12072
2020/03/10,農林中金＜パートナーズ＞長期厳選投資　おおぶね,11401,120,2809638143,2464353796,11520
2020/03/11,農林中金＜パートナーズ＞長期厳選投資　おおぶね,12032,120,2968618300,2467258014,12158
2020/03/12,農林中金＜パートナーズ＞長期厳選投資　おおぶね,11527,120,2852284352,2474481044,11647
2020/03/13,農林中金＜パートナーズ＞長期厳選投資　おおぶね,10660,120,2636278852,2473145162,10771
2020/03/16,農林中金＜パートナーズ＞長期厳選投資　おおぶね,11513,120,2859009923,2483255710,11633
2020/03/17,農林中金＜パートナーズ＞長期厳選投資　おおぶね,10531,120,2611396089,2479813699,10641
2020/03/18,農林中金＜パートナーズ＞長期厳選投資　おおぶね,11296,120,2891134375,2559435387,11414
2020/03/19,農林中金＜パートナーズ＞長期厳選投資　おおぶね,11040,120,2840618260,2572994503,11155
2020/03/23,農林中金＜パートナーズ＞長期厳選投資　おおぶね,10686,120,2767338668,2589713286,10798
2020/03/24,農林中金＜パートナーズ＞長期厳選投資　おおぶね,10139,120,2630599333,2594640643,10245
2020/03/25,農林中金＜パートナーズ＞長期厳選投資　おおぶね,11068,120,2888798513,2610135135,11184
2020/03/26,農林中金＜パートナーズ＞長期厳選投資　おおぶね,11102,120,2909017946,2620244264,11218
2020/03/27,農林中金＜パートナーズ＞長期厳選投資　おおぶね,11492,120,3056912325,2660085587,11612
2020/03/30,農林中金＜パートナーズ＞長期厳選投資　おおぶね,11042,120,2926392598,2650138608,11157
2020/03/31,農林中金＜パートナーズ＞長期厳選投資　おおぶね,11484,120,3050952464,2656758763,11604
2020/04/01,農林中金＜パートナーズ＞長期厳選投資　おおぶね,11209,120,2990219290,2667643362,11326
2020/04/02,農林中金＜パートナーズ＞長期厳選投資　おおぶね,10863,120,2899765189,2669461139,10977
2020/04/03,農林中金＜パートナーズ＞長期厳選投資　おおぶね,11223,120,3009753426,2681729978,11340
2020/04/06,農林中金＜パートナーズ＞長期厳選投資　おおぶね,11116,120,2981184331,2681947246,11232
2020/04/07,農林中金＜パートナーズ＞長期厳選投資　おおぶね,11801,120,3166574398,2683310090,11924
2020/04/08,農林中金＜パートナーズ＞長期厳選投資　おおぶね,11751,120,3167851809,2695764015,11874
2020/04/09,農林中金＜パートナーズ＞長期厳選投資　おおぶね,12116,120,3276594748,2704301953,12243
2020/04/10,農林中金＜パートナーズ＞長期厳選投資　おおぶね,12123,120,3289489464,2713394648,12250
2020/04/13,農林中金＜パートナーズ＞長期厳選投資　おおぶね,12084,120,3289942471,2722644159,12210
2020/04/14,農林中金＜パートナーズ＞長期厳選投資　おおぶね,11833,120,3221657363,2722644159,11957
2020/04/15,農林中金＜パートナーズ＞長期厳選投資　おおぶね,12115,120,3335606351,2753304521,12242
2020/04/16,農林中金＜パートナーズ＞長期厳選投資　おおぶね,11919,120,3331679680,2795166743,12044
2020/04/17,農林中金＜パートナーズ＞長期厳選投資　おおぶね,12000,120,3366474850,2805444762,12125
2020/04/20,農林中金＜パートナーズ＞長期厳選投資　おおぶね,12319,120,3456462447,2805777669,12448
2020/04/21,農林中金＜パートナーズ＞長期厳選投資　おおぶね,12073,120,3381104086,2800540309,12199
2020/04/22,農林中金＜パートナーズ＞長期厳選投資　おおぶね,11776,120,3313765739,2814024319,11899
2020/04/23,農林中金＜パートナーズ＞長期厳選投資　おおぶね,12043,120,3388385753,2813458575,12169
2020/04/24,農林中金＜パートナーズ＞長期厳選投資　おおぶね,11999,120,3376691415,2814194507,12124
2020/04/27,農林中金＜パートナーズ＞長期厳選投資　おおぶね,12125,120,3415068870,2816509835,12252
2020/04/28,農林中金＜パートナーズ＞長期厳選投資　おおぶね,12316,120,3476634438,2822793127,12445
2020/04/30,農林中金＜パートナーズ＞長期厳選投資　おおぶね,12496,120,3536885838,2830506820,12627
2020/05/01,農林中金＜パートナーズ＞長期厳選投資　おおぶね,12376,120,3505143742,2832237399,12505
2020/05/07,農林中金＜パートナーズ＞長期厳選投資　おおぶね,12160,120,3449619344,2836932594,12287
2020/05/08,農林中金＜パートナーズ＞長期厳選投資　おおぶね,12282,120,3497091115,2847346960,12410
2020/05/11,農林中金＜パートナーズ＞長期厳選投資　おおぶね,12509,120,3576061211,2858698940,12640
2020/05/12,農林中金＜パートナーズ＞長期厳選投資　おおぶね,12592,120,3607382614,2864812580,12724
2020/05/13,農林中金＜パートナーズ＞長期厳選投資　おおぶね,12329,120,3548391639,2878158827,12458
2020/05/14,農林中金＜パートナーズ＞長期厳選投資　おおぶね,12149,120,3504505541,2884633045,12276
2020/05/15,農林中金＜パートナーズ＞長期厳選投資　おおぶね,12282,120,3555563308,2894825937,12410
2020/05/18,農林中金＜パートナーズ＞長期厳選投資　おおぶね,12363,120,3582824872,2898052714,12492
2020/05/19,農林中金＜パートナーズ＞長期厳選投資　おおぶね,12780,120,3717065442,2908427507,12914
2020/05/20,農林中金＜パートナーズ＞長期厳選投資　おおぶね,12725,120,3705021305,2911564025,12858
2020/05/21,農林中金＜パートナーズ＞長期厳選投資　おおぶね,12849,120,3743497258,2913490916,12983
2020/05/22,農林中金＜パートナーズ＞長期厳選投資　おおぶね,12697,120,3792324478,2986758582,12830
2020/05/25,農林中金＜パートナーズ＞長期厳選投資　おおぶね,12735,120,3809282004,2991266904,12868
2020/05/26,農林中金＜パートナーズ＞長期厳選投資　おおぶね,12748,120,3820929382,2997272590,12881
2020/05/27,農林中金＜パートナーズ＞長期厳選投資　おおぶね,12884,120,3861613888,2997272590,13019
2020/05/28,農林中金＜パートナーズ＞長期厳選投資　おおぶね,13140,120,3962535869,3015522559,13277
2020/05/29,農林中金＜パートナーズ＞長期厳選投資　おおぶね,13130,120,3964108577,3019020648,13267
2020/06/01,農林中金＜パートナーズ＞長期厳選投資　おおぶね,13252,120,4013714229,3028733417,13390
2020/06/02,農林中金＜パートナーズ＞長期厳選投資　おおぶね,13213,120,4000199388,3027418286,13351
2020/06/03,農林中金＜パートナーズ＞長期厳選投資　おおぶね,13477,120,4100581708,3042604205,13618
2020/06/04,農林中金＜パートナーズ＞長期厳選投資　おおぶね,13677,120,4168360483,3047632303,13820
2020/06/05,農林中金＜パートナーズ＞長期厳選投資　おおぶね,13628,120,4164585977,3055899617,13770
2020/06/08,農林中金＜パートナーズ＞長期厳選投資　おおぶね,13894,120,4235109388,3048166222,14039
2020/06/09,農林中金＜パートナーズ＞長期厳選投資　おおぶね,13805,120,4211487668,3050777389,13949
2020/06/10,農林中金＜パートナーズ＞長期厳選投資　おおぶね,13609,120,4138762334,3041278910,13751
2020/06/11,農林中金＜パートナーズ＞長期厳選投資　おおぶね,13474,120,4101542931,3043935448,13615
2020/06/12,農林中金＜パートナーズ＞長期厳選投資　おおぶね,12804,120,3902252707,3047599038,12938
2020/06/15,農林中金＜パートナーズ＞長期厳選投資　おおぶね,12929,120,3941913230,3048884899,13064
2020/06/16,農林中金＜パートナーズ＞長期厳選投資　おおぶね,13055,120,4030158229,3087097827,13191
2020/06/17,農林中金＜パートナーズ＞長期厳選投資　おおぶね,13214,120,4095625837,3099509861,13352
2020/06/18,農林中金＜パートナーズ＞長期厳選投資　おおぶね,13167,120,4090236590,3106461072,13305
2020/06/19,農林中金＜パートナーズ＞長期厳選投資　おおぶね,13190,120,4110917187,3116759945,13328
2020/06/22,農林中金＜パートナーズ＞長期厳選投資　おおぶね,12989,210,4059506180,3125262429,13216
2020/06/23,農林中金＜パートナーズ＞長期厳選投資　おおぶね,13055,210,4112534549,3150239163,13283
2020/06/24,農林中金＜パートナーズ＞長期厳選投資　おおぶね,13051,210,4120022054,3156828515,13279
2020/06/25,農林中金＜パートナーズ＞長期厳選投資　おおぶね,12845,210,4061365501,3161711268,13069
2020/06/26,農林中金＜パートナーズ＞長期厳選投資　おおぶね,12948,210,4098914763,3165663461,13174
2020/06/29,農林中金＜パートナーズ＞長期厳選投資　おおぶね,12771,210,4056808389,3176514583,12994
2020/06/30,農林中金＜パートナーズ＞長期厳選投資　おおぶね,12988,210,4131245339,3180894051,13215
2020/07/01,農林中金＜パートナーズ＞長期厳選投資　おおぶね,13196,210,4201051646,3183580707,13426
2020/07/02,農林中金＜パートナーズ＞長期厳選投資　おおぶね,13126,210,4189970642,3192178076,13355
2020/07/03,農林中金＜パートナーズ＞長期厳選投資　おおぶね,13214,210,4240304591,3208841532,13445
2020/07/06,農林中金＜パートナーズ＞長期厳選投資　おおぶね,13225,210,4247923382,3211973648,13456
2020/07/07,農林中金＜パートナーズ＞長期厳選投資　おおぶね,13311,210,4275617924,3211973648,13543
2020/07/08,農林中金＜パートナーズ＞長期厳選投資　おおぶね,13298,210,4286225798,3223097317,13530
2020/07/09,農林中金＜パートナーズ＞長期厳選投資　おおぶね,13300,210,4293411010,3228202791,13532
2020/07/10,農林中金＜パートナーズ＞長期厳選投資　おおぶね,13256,210,4280294831,3228839157,13487
2020/07/13,農林中金＜パートナーズ＞長期厳選投資　おおぶね,13281,210,4287676346,3228482389,13513
2020/07/14,農林中金＜パートナーズ＞長期厳選投資　おおぶね,13255,210,4291240398,3237454447,13486
2020/07/15,農林中金＜パートナーズ＞長期厳選投資　おおぶね,13518,210,4372884357,3234875094,13754
2020/07/16,農林中金＜パートナーズ＞長期厳選投資　おおぶね,13634,210,4413941808,3237351655,13872
2020/07/17,農林中金＜パートナーズ＞長期厳選投資　おおぶね,13640,210,4471874092,3278403121,13878
2020/07/20,農林中金＜パートナーズ＞長期厳選投資　おおぶね,13759,210,4512573595,3279682592,13999
2020/07/21,農林中金＜パートナーズ＞長期厳選投資　おおぶね,13720,210,4507876288,3285631727,13959
2020/07/22,農林中金＜パートナーズ＞長期厳選投資　おおぶね,13723,210,4520834375,3294404182,13962
2020/07/27,農林中金＜パートナーズ＞長期厳選投資　おおぶね,13575,210,4477365793,3298214931,13812
2020/07/28,農林中金＜パートナーズ＞長期厳選投資　おおぶね,13665,210,4511157149,3301252807,13903
2020/07/29,農林中金＜パートナーズ＞長期厳選投資　おおぶね,13517,210,4465758043,3303771278,13753
2020/07/30,農林中金＜パートナーズ＞長期厳選投資　おおぶね,13680,210,4531221702,3312233705,13919
2020/07/31,農林中金＜パートナーズ＞長期厳選投資　おおぶね,13555,210,4491454753,3313420683,13792
2020/08/03,農林中金＜パートナーズ＞長期厳選投資　おおぶね,13836,210,4595492360,3321411115,14077
2020/08/04,農林中金＜パートナーズ＞長期厳選投資　おおぶね,13954,210,4631666932,3319150081,14198
2020/08/05,農林中金＜パートナーズ＞長期厳選投資　おおぶね,13979,210,4652085320,3328013949,14223
2020/08/06,農林中金＜パートナーズ＞長期厳選投資　おおぶね,14144,210,4704644683,3326271195,14391
2020/08/07,農林中金＜パートナーズ＞長期厳選投資　おおぶね,14153,210,4716904782,3332792279,14400
2020/08/11,農林中金＜パートナーズ＞長期厳選投資　おおぶね,14317,210,4770644803,3332178935,14567
2020/08/12,農林中金＜パートナーズ＞長期厳選投資　おおぶね,14339,210,4765365496,3323441274,14589
2020/08/13,農林中金＜パートナーズ＞長期厳選投資　おおぶね,14535,210,4843717320,3332374867,14789
2020/08/14,農林中金＜パートナーズ＞長期厳選投資　おおぶね,14565,210,4857361069,3334957369,14819
2020/08/17,農林中金＜パートナーズ＞長期厳選投資　おおぶね,14448,210,4837355228,3348228657,14700
2020/08/18,農林中金＜パートナーズ＞長期厳選投資　おおぶね,14387,210,4865810635,3382069653,14638
2020/08/19,農林中金＜パートナーズ＞長期厳選投資　おおぶね,14332,210,4860115381,3391072943,14582
2020/08/20,農林中金＜パートナーズ＞長期厳選投資　おおぶね,14414,210,4906134308,3403739618,14666
2020/08/21,農林中金＜パートナーズ＞長期厳選投資　おおぶね,14349,210,4895972328,3412146746,14599
2020/08/24,農林中金＜パートナーズ＞長期厳選投資　おおぶね,14407,210,4950991179,3436562365,14658
2020/08/25,農林中金＜パートナーズ＞長期厳選投資　おおぶね,14507,210,5039365957,3473757521,14760
2020/08/26,農林中金＜パートナーズ＞長期厳選投資　おおぶね,14572,210,5065626757,3476221725,14826
2020/08/27,農林中金＜パートナーズ＞長期厳選投資　おおぶね,14585,210,5090142157,3489919042,14840
2020/08/28,農林中金＜パートナーズ＞長期厳選投資　おおぶね,14654,210,5165456058,3525045586,14910
2020/08/31,農林中金＜パートナーズ＞長期厳選投資　おおぶね,14570,210,5164111261,3544295730,14824
2020/09/01,農林中金＜パートナーズ＞長期厳選投資　おおぶね,14559,210,5177239744,3556105571,14813
2020/09/02,農林中金＜パートナーズ＞長期厳選投資　おおぶね,14688,210,5232626553,3562564809,14944
2020/09/03,農林中金＜パートナーズ＞長期厳選投資　おおぶね,14970,210,5365311352,3583967159,15231
2020/09/04,農林中金＜パートナーズ＞長期厳選投資　おおぶね,14539,210,5224502432,3593415641,14793
2020/09/07,農林中金＜パートナーズ＞長期厳選投資　おおぶね,14457,210,5209137913,3603070589,14709
2020/09/08,農林中金＜パートナーズ＞長期厳選投資　おおぶね,14451,210,5237138983,3624122288,14703
2020/09/09,農林中金＜パートナーズ＞長期厳選投資　おおぶね,14189,210,5142214725,3624122288,14437
2020/09/10,農林中金＜パートナーズ＞長期厳選投資　おおぶね,14475,210,5260607225,3634254402,14728
2020/09/11,農林中金＜パートナーズ＞長期厳選投資　おおぶね,14321,210,5215127994,3641544445,14571
2020/09/14,農林中金＜パートナーズ＞長期厳選投資　おおぶね,14371,210,5267882522,3665728665,14622
2020/09/15,農林中金＜パートナーズ＞長期厳選投資　おおぶね,14441,210,5317745652,3682285241,14693
2020/09/16,農林中金＜パートナーズ＞長期厳選投資　おおぶね,14396,210,5363909022,3725996678,14647
2020/09/17,農林中金＜パートナーズ＞長期厳選投資　おおぶね,14353,210,5370233455,3741600678,14603
2020/09/18,農林中金＜パートナーズ＞長期厳選投資　おおぶね,14283,210,5346727652,3743483767,14532
2020/09/23,農林中金＜パートナーズ＞長期厳選投資　おおぶね,14103,210,5281561114,3745023686,14349
2020/09/24,農林中金＜パートナーズ＞長期厳選投資　おおぶね,13977,210,5237712071,3747423313,14221
2020/09/25,農林中金＜パートナーズ＞長期厳選投資　おおぶね,14019,210,5268413007,3758002991,14264
2020/09/28,農林中金＜パートナーズ＞長期厳選投資　おおぶね,14105,210,5317071064,3769595063,14351
2020/09/29,農林中金＜パートナーズ＞長期厳選投資　おおぶね,14264,210,5403149313,3787931108,14513
2020/09/30,農林中金＜パートナーズ＞長期厳選投資　おおぶね,14284,210,5447475667,3813816466,14533
2020/10/01,農林中金＜パートナーズ＞長期厳選投資　おおぶね,14310,210,5496351321,3840906516,14560
2020/10/02,農林中金＜パートナーズ＞長期厳選投資　おおぶね,14310,210,5509187414,3849768105,14560
2020/10/05,農林中金＜パートナーズ＞長期厳選投資　おおぶね,14267,210,5505764179,3858995495,14516
2020/10/06,農林中金＜パートナーズ＞長期厳選投資　おおぶね,14442,210,5577517408,3862110859,14694
2020/10/07,農林中金＜パートナーズ＞長期厳選投資　おおぶね,14334,210,5541390821,3865787986,14584
2020/10/08,農林中金＜パートナーズ＞長期厳選投資　おおぶね,14582,210,5644913536,3871122945,14836
2020/10/09,農林中金＜パートナーズ＞長期厳選投資　おおぶね,14624,210,5674020315,3879821968,14879
2020/10/12,農林中金＜パートナーズ＞長期厳選投資　おおぶね,14753,210,5743256359,3893059776,15010
2020/10/13,農林中金＜パートナーズ＞長期厳選投資　おおぶね,14815,210,5770406191,3895086686,15074
2020/10/14,農林中金＜パートナーズ＞長期厳選投資　おおぶね,14821,210,5773019166,3895086686,15080
2020/10/15,農林中金＜パートナーズ＞長期厳選投資　おおぶね,14720,210,5761196064,3913894635,14977
2020/10/16,農林中金＜パートナーズ＞長期厳選投資　おおぶね,14749,210,5779167508,3918445487,15006
2020/10/19,農林中金＜パートナーズ＞長期厳選投資　おおぶね,14799,210,5883471852,3975648969,15057
2020/10/20,農林中金＜パートナーズ＞長期厳選投資　おおぶね,14641,210,5832230599,3983502525,14896
2020/10/21,農林中金＜パートナーズ＞長期厳選投資　おおぶね,14649,210,5845748755,3990476871,14905
2020/10/22,農林中金＜パートナーズ＞長期厳選投資　おおぶね,14526,210,5816561624,4004150635,14779
2020/10/23,農林中金＜パートナーズ＞長期厳選投資　おおぶね,14610,210,5852867283,4005939070,14865
2020/10/26,農林中金＜パートナーズ＞長期厳選投資　おおぶね,14655,210,5884323765,4015187304,14911
2020/10/27,農林中金＜パートナーズ＞長期厳選投資　おおぶね,14432,210,5802044988,4020275305,14684
2020/10/28,農林中金＜パートナーズ＞長期厳選投資　おおぶね,14304,210,5761804355,4028001482,14554
2020/10/29,農林中金＜パートナーズ＞長期厳選投資　おおぶね,13889,210,5592173188,4026316351,14131
2020/10/30,農林中金＜パートナーズ＞長期厳選投資　おおぶね,14003,210,5655604366,4038749928,14247
2020/11/02,農林中金＜パートナーズ＞長期厳選投資　おおぶね,13948,210,5652384824,4052364449,14191
2020/11/04,農林中金＜パートナーズ＞長期厳選投資　おおぶね,14409,210,5875356063,4077676245,14660
2020/11/05,農林中金＜パートナーズ＞長期厳選投資　おおぶね,14509,210,5942952843,4096081012,14762
2020/11/06,農林中金＜パートナーズ＞長期厳選投資　おおぶね,14593,210,5989521947,4104343275,14848
2020/11/09,農林中金＜パートナーズ＞長期厳選投資　おおぶね,14644,210,6024108127,4113694406,14900
2020/11/10,農林中金＜パートナーズ＞長期厳選投資　おおぶね,14962,210,6192923688,4139104971,15223
2020/11/11,農林中金＜パートナーズ＞長期厳選投資　おおぶね,14989,210,6213592798,4145383744,15251
2020/11/12,農林中金＜パートナーズ＞長期厳選投資　おおぶね,15088,210,6270430883,4155838376,15351
2020/11/13,農林中金＜パートナーズ＞長期厳選投資　おおぶね,14921,210,6201036142,4155838376,15181
2020/11/16,農林中金＜パートナーズ＞長期厳選投資　おおぶね,15047,210,6207209973,4125275813,15310
2020/11/17,農林中金＜パートナーズ＞長期厳選投資　おおぶね,15179,210,6342955238,4178792092,15444
2020/11/18,農林中金＜パートナーズ＞長期厳選投資　おおぶね,15084,210,6314620885,4186346975,15347
2020/11/19,農林中金＜パートナーズ＞長期厳選投資　おおぶね,14897,210,6246718735,4193332462,15157
2020/11/20,農林中金＜パートナーズ＞長期厳選投資　おおぶね,14948,210,6287623172,4206200334,15209
2020/11/24,農林中金＜パートナーズ＞長期厳選投資　おおぶね,15054,210,6333931028,4207441625,15317
2020/11/25,農林中金＜パートナーズ＞長期厳選投資　おおぶね,15159,210,6387943545,4213867175,15424
2020/11/26,農林中金＜パートナーズ＞長期厳選投資　おおぶね,15108,210,6386354426,4227015705,15372
2020/11/27,農林中金＜パートナーズ＞長期厳選投資　おおぶね,15083,210,6383171654,4232089144,15346
2020/11/30,農林中金＜パートナーズ＞長期厳選投資　おおぶね,15101,210,6390987754,4232089144,15365
2020/12/01,農林中金＜パートナーズ＞長期厳選投資　おおぶね,15210,210,6487672869,4265276524,15475
2020/12/02,農林中金＜パートナーズ＞長期厳選投資　おおぶね,15271,210,6547080403,4287313523,15537
2020/12/03,農林中金＜パートナーズ＞長期厳選投資　おおぶね,15204,210,6542624629,4303189398,15469
2020/12/04,農林中金＜パートナーズ＞長期厳選投資　おおぶね,15045,210,6504870973,4323506677,15308
2020/12/07,農林中金＜パートナーズ＞長期厳選投資　おおぶね,15218,210,6607485267,4341788076,15484
2020/12/08,農林中金＜パートナーズ＞長期厳選投資　おおぶね,15173,210,6598094236,4348575909,15438
2020/12/09,農林中金＜パートナーズ＞長期厳選投資　おおぶね,15292,210,6652583587,4350264057,15559
2020/12/10,農林中金＜パートナーズ＞長期厳選投資　おおぶね,15253,210,6642542349,4354801338,15519
2020/12/11,農林中金＜パートナーズ＞長期厳選投資　おおぶね,15156,210,6609357038,4360895641,15420
2020/12/14,農林中金＜パートナーズ＞長期厳選投資　おおぶね,15331,210,6708084678,4375633034,15599
2020/12/15,農林中金＜パートナーズ＞長期厳選投資　おおぶね,15250,210,6666644235,4371674655,15516
2020/12/16,農林中金＜パートナーズ＞長期厳選投資　おおぶね,15356,210,6722175283,4377667648,15624
2020/12/17,農林中金＜パートナーズ＞長期厳選投資　おおぶね,15278,210,6784589272,4440757463,15545
2020/12/18,農林中金＜パートナーズ＞長期厳選投資　おおぶね,15379,210,6829350031,4440638105,15647
2020/12/21,農林中金＜パートナーズ＞長期厳選投資　おおぶね,15400,210,6853484307,4450305509,15669
2020/12/22,農林中金＜パートナーズ＞長期厳選投資　おおぶね,15310,210,6839429204,4467276132,15577
2020/12/23,農林中金＜パートナーズ＞長期厳選投資　おおぶね,15278,210,6846876359,4481472372,15545
2020/12/24,農林中金＜パートナーズ＞長期厳選投資　おおぶね,15261,210,6866506632,4499288828,15527
2020/12/25,農林中金＜パートナーズ＞長期厳選投資　おおぶね,15323,210,6907089763,4507699462,15590
2020/12/28,農林中金＜パートナーズ＞長期厳選投資　おおぶね,15340,210,6934644387,4520495131,15608
2020/12/29,農林中金＜パートナーズ＞長期厳選投資　おおぶね,15457,210,6987303086,4520495131,15727
2020/12/30,農林中金＜パートナーズ＞長期厳選投資　おおぶね,15382,210,6972260582,4532685696,15650
2021/01/04,農林中金＜パートナーズ＞長期厳選投資　おおぶね,15484,210,7038612963,4545610463,15754
2021/01/05,農林中金＜パートナーズ＞長期厳選投資　おおぶね,15335,210,6987646382,4556799814,15603
2021/01/06,農林中金＜パートナーズ＞長期厳選投資　おおぶね,15304,210,6991391315,4568254920,15571
2021/01/07,農林中金＜パートナーズ＞長期厳選投資　おおぶね,15440,210,7059656878,4572201562,15709
2021/01/08,農林中金＜パートナーズ＞長期厳選投資　おおぶね,15643,210,7168521339,4582482175,15916
2021/01/12,農林中金＜パートナーズ＞長期厳選投資　おおぶね,15710,210,7216786531,4593826120,15984
2021/01/13,農林中金＜パートナーズ＞長期厳選投資　おおぶね,15596,210,7178775127,4603083757,15868
